ds,workflow,python_cluster,artigo_fig7,desvio
1,mc.BDES,0.000,0.001,-0.001
1,mc.arima,0.000,0.010,-0.010
1,mc.mars,0.231,0.247,-0.016
1,mc.mars_OVERT,0.509,0.515,-0.005
1,mc.mars_OVERTPhi,0.509,0.510,-0.001
1,mc.mars_SMOTET,0.518,0.501,0.017
1,mc.mars_SMOTETPhi,0.511,0.508,0.003
1,mc.mars_UNDERB,0.489,0.492,-0.003
1,mc.mars_UNDERT,0.489,0.500,-0.011
1,mc.mars_UNDERTPhi,0.515,0.513,0.002
1,mc.rf,0.006,0.016,-0.010
1,mc.rf_OVERB,0.201,0.220,-0.019
1,mc.rf_OVERT,0.172,0.206,-0.034
1,mc.rf_OVERTPhi,0.192,0.183,0.009
1,mc.rf_SMOTEB,0.472,0.479,-0.007
1,mc.rf_SMOTET,0.492,0.496,-0.004
1,mc.rf_SMOTETPhi,0.497,0.499,-0.002
1,mc.rf_UNDERB,0.275,0.285,-0.010
1,mc.rf_UNDERT,0.215,0.300,-0.084
1,mc.rf_UNDERTPhi,0.340,0.409,-0.069
1,mc.rpart,0.432,0.444,-0.012
1,mc.rpart_OVERB,0.457,0.442,0.015
1,mc.rpart_OVERT,0.448,0.445,0.003
1,mc.rpart_OVERTPhi,0.450,0.451,-0.001
1,mc.rpart_SMOTEB,0.467,0.481,-0.013
1,mc.rpart_SMOTET,0.465,0.478,-0.013
1,mc.rpart_SMOTETPhi,0.468,0.474,-0.007
1,mc.rpart_UNDERB,0.471,0.455,0.016
1,mc.rpart_UNDERT,0.467,0.466,0.001
1,mc.rpart_UNDERTPhi,0.460,0.477,-0.017
1,mc.svm,0.413,0.419,-0.005
1,mc.svm_OVERB,0.451,0.451,-0.000
1,mc.svm_OVERT,0.446,0.456,-0.010
1,mc.svm_OVERTPhi,0.452,0.452,-0.001
1,mc.svm_SMOTEB,0.439,0.441,-0.001
1,mc.svm_SMOTET,0.446,0.448,-0.002
1,mc.svm_SMOTETPhi,0.456,0.453,0.003
1,mc.svm_UNDERB,0.449,0.446,0.003
1,mc.svm_UNDERT,0.462,0.457,0.005
1,mc.svm_UNDERTPhi,0.471,0.468,0.003
2,mc.BDES,0.000,0.001,-0.001
2,mc.arima,0.000,0.008,-0.008
2,mc.lm,0.000,0.001,-0.001
2,mc.lm_OVERB,0.601,0.552,0.049
2,mc.lm_OVERT,0.587,0.562,0.025
2,mc.lm_OVERTPhi,0.588,0.557,0.031
2,mc.lm_SMOTEB,0.571,0.531,0.040
2,mc.lm_SMOTET,0.558,0.529,0.029
2,mc.lm_SMOTETPhi,0.560,0.523,0.037
2,mc.lm_UNDERB,0.591,0.552,0.040
2,mc.lm_UNDERT,0.590,0.547,0.043
2,mc.lm_UNDERTPhi,0.591,0.541,0.050
2,mc.mars,0.127,0.131,-0.005
2,mc.mars_OVERB,0.500,0.519,-0.019
2,mc.mars_OVERT,0.501,0.523,-0.022
2,mc.mars_OVERTPhi,0.509,0.530,-0.021
2,mc.mars_SMOTEB,0.489,0.508,-0.019
2,mc.mars_SMOTET,0.494,0.492,0.002
2,mc.mars_SMOTETPhi,0.501,0.488,0.013
2,mc.mars_UNDERB,0.517,0.473,0.044
2,mc.mars_UNDERT,0.508,0.488,0.021
2,mc.mars_UNDERTPhi,0.488,0.469,0.019
2,mc.rf,0.000,0.004,-0.004
2,mc.rf_OVERB,0.237,0.169,0.068
2,mc.rf_OVERT,0.188,0.134,0.054
2,mc.rf_OVERTPhi,0.161,0.157,0.004
2,mc.rf_SMOTEB,0.489,0.475,0.014
2,mc.rf_SMOTET,0.503,0.494,0.009
2,mc.rf_SMOTETPhi,0.506,0.494,0.012
2,mc.rf_UNDERB,0.291,0.388,-0.097
2,mc.rf_UNDERT,0.320,0.362,-0.042
2,mc.rf_UNDERTPhi,0.337,0.412,-0.075
2,mc.rpart,0.459,0.446,0.013
2,mc.rpart_OVERB,0.418,0.416,0.002
2,mc.rpart_OVERT,0.434,0.432,0.003
2,mc.rpart_OVERTPhi,0.440,0.422,0.018
2,mc.rpart_SMOTEB,0.441,0.457,-0.017
2,mc.rpart_SMOTET,0.455,0.452,0.003
2,mc.rpart_SMOTETPhi,0.451,0.457,-0.006
2,mc.rpart_UNDERB,0.442,0.432,0.011
2,mc.rpart_UNDERT,0.431,0.437,-0.007
2,mc.rpart_UNDERTPhi,0.437,0.436,0.001
2,mc.svm,0.200,0.206,-0.006
2,mc.svm_OVERB,0.504,0.514,-0.010
2,mc.svm_OVERT,0.482,0.506,-0.024
2,mc.svm_OVERTPhi,0.483,0.501,-0.019
2,mc.svm_SMOTEB,0.477,0.476,0.001
2,mc.svm_SMOTET,0.497,0.494,0.003
2,mc.svm_SMOTETPhi,0.495,0.492,0.004
2,mc.svm_UNDERB,0.478,0.481,-0.003
2,mc.svm_UNDERT,0.478,0.489,-0.011
2,mc.svm_UNDERTPhi,0.497,0.481,0.016
3,mc.BDES,0.000,0.002,-0.002
3,mc.arima,0.150,0.048,0.102
3,mc.lm,0.100,0.025,0.075
3,mc.lm_OVERB,0.632,0.607,0.025
3,mc.lm_OVERT,0.648,0.599,0.050
3,mc.lm_OVERTPhi,0.646,0.591,0.055
3,mc.lm_SMOTEB,0.598,0.574,0.024
3,mc.lm_SMOTET,0.575,0.563,0.012
3,mc.lm_SMOTETPhi,0.576,0.556,0.020
3,mc.lm_UNDERB,0.605,0.594,0.011
3,mc.lm_UNDERT,0.607,0.605,0.002
3,mc.lm_UNDERTPhi,0.602,0.592,0.010
3,mc.mars,0.094,0.058,0.036
3,mc.mars_OVERB,0.576,0.581,-0.006
3,mc.mars_OVERT,0.561,0.564,-0.003
3,mc.mars_OVERTPhi,0.568,0.560,0.007
3,mc.mars_SMOTEB,0.562,0.561,0.001
3,mc.mars_SMOTET,0.548,0.548,-0.001
3,mc.mars_SMOTETPhi,0.559,0.552,0.007
3,mc.mars_UNDERB,0.519,0.526,-0.007
3,mc.mars_UNDERT,0.534,0.523,0.011
3,mc.mars_UNDERTPhi,0.534,0.545,-0.011
3,mc.rf,0.000,0.037,-0.037
3,mc.rf_OVERB,0.308,0.195,0.113
3,mc.rf_OVERT,0.196,0.102,0.094
3,mc.rf_OVERTPhi,0.168,0.127,0.041
3,mc.rf_SMOTEB,0.508,0.527,-0.019
3,mc.rf_SMOTET,0.478,0.482,-0.004
3,mc.rf_SMOTETPhi,0.481,0.491,-0.010
3,mc.rf_UNDERB,0.415,0.460,-0.045
3,mc.rf_UNDERT,0.386,0.416,-0.030
3,mc.rf_UNDERTPhi,0.429,0.504,-0.075
3,mc.rpart,0.515,0.510,0.005
3,mc.rpart_OVERB,0.471,0.476,-0.005
3,mc.rpart_OVERT,0.446,0.472,-0.026
3,mc.rpart_OVERTPhi,0.466,0.458,0.008
3,mc.rpart_SMOTEB,0.484,0.491,-0.007
3,mc.rpart_SMOTET,0.461,0.465,-0.004
3,mc.rpart_SMOTETPhi,0.468,0.472,-0.004
3,mc.rpart_UNDERB,0.499,0.486,0.012
3,mc.rpart_UNDERT,0.482,0.488,-0.005
3,mc.rpart_UNDERTPhi,0.504,0.499,0.005
3,mc.svm,0.522,0.499,0.024
3,mc.svm_OVERB,0.519,0.523,-0.003
3,mc.svm_OVERT,0.525,0.532,-0.008
3,mc.svm_OVERTPhi,0.528,0.533,-0.005
3,mc.svm_SMOTEB,0.495,0.499,-0.003
3,mc.svm_SMOTET,0.510,0.504,0.006
3,mc.svm_SMOTETPhi,0.489,0.485,0.004
3,mc.svm_UNDERB,0.502,0.507,-0.006
3,mc.svm_UNDERT,0.494,0.498,-0.004
3,mc.svm_UNDERTPhi,0.490,0.498,-0.008
4,mc.BDES,0.627,0.194,0.433
4,mc.arima,0.568,0.279,0.289
4,mc.lm,0.577,0.244,0.332
4,mc.lm_OVERB,0.562,0.618,-0.056
4,mc.lm_OVERT,0.555,0.626,-0.071
4,mc.lm_OVERTPhi,0.557,0.636,-0.079
4,mc.lm_SMOTEB,0.541,0.579,-0.037
4,mc.lm_SMOTET,0.553,0.570,-0.016
4,mc.lm_SMOTETPhi,0.542,0.566,-0.024
4,mc.lm_UNDERB,0.551,0.600,-0.050
4,mc.lm_UNDERT,0.551,0.597,-0.046
4,mc.lm_UNDERTPhi,0.536,0.586,-0.050
4,mc.mars,0.512,0.510,0.003
4,mc.mars_OVERB,0.485,0.488,-0.003
4,mc.mars_OVERT,0.506,0.505,0.001
4,mc.mars_OVERTPhi,0.502,0.504,-0.002
4,mc.mars_SMOTEB,0.491,0.499,-0.008
4,mc.mars_SMOTET,0.501,0.511,-0.010
4,mc.mars_SMOTETPhi,0.497,0.493,0.004
4,mc.mars_UNDERB,0.460,0.466,-0.006
4,mc.mars_UNDERT,0.463,0.476,-0.013
4,mc.mars_UNDERTPhi,0.459,0.474,-0.015
4,mc.rf,0.563,0.562,0.001
4,mc.rf_OVERB,0.567,0.577,-0.009
4,mc.rf_OVERT,0.567,0.568,-0.002
4,mc.rf_OVERTPhi,0.567,0.556,0.011
4,mc.rf_SMOTEB,0.552,0.557,-0.004
4,mc.rf_SMOTET,0.560,0.566,-0.006
4,mc.rf_SMOTETPhi,0.548,0.558,-0.010
4,mc.rf_UNDERB,0.550,0.567,-0.017
4,mc.rf_UNDERT,0.556,0.564,-0.008
4,mc.rf_UNDERTPhi,0.552,0.570,-0.018
4,mc.rpart,0.533,0.490,0.043
4,mc.rpart_OVERB,0.593,0.599,-0.006
4,mc.rpart_OVERT,0.585,0.584,0.002
4,mc.rpart_OVERTPhi,0.588,0.581,0.007
4,mc.rpart_SMOTEB,0.575,0.577,-0.002
4,mc.rpart_SMOTET,0.561,0.566,-0.004
4,mc.rpart_SMOTETPhi,0.567,0.567,-0.000
4,mc.rpart_UNDERB,0.563,0.580,-0.017
4,mc.rpart_UNDERT,0.575,0.568,0.007
4,mc.rpart_UNDERTPhi,0.564,0.572,-0.008
4,mc.svm,0.550,0.550,-0.000
4,mc.svm_OVERB,0.443,0.446,-0.003
4,mc.svm_OVERT,0.436,0.442,-0.006
4,mc.svm_OVERTPhi,0.434,0.436,-0.001
4,mc.svm_SMOTEB,0.422,0.428,-0.007
4,mc.svm_SMOTET,0.448,0.448,0.001
4,mc.svm_SMOTETPhi,0.435,0.435,0.001
4,mc.svm_UNDERB,0.447,0.449,-0.001
4,mc.svm_UNDERT,0.460,0.463,-0.003
4,mc.svm_UNDERTPhi,0.453,0.460,-0.007
5,mc.BDES,0.256,0.489,-0.233
5,mc.arima,0.070,0.451,-0.380
5,mc.lm,0.345,0.508,-0.164
5,mc.lm_OVERB,0.481,0.545,-0.064
5,mc.lm_OVERT,0.478,0.539,-0.061
5,mc.lm_OVERTPhi,0.478,0.530,-0.053
5,mc.lm_SMOTEB,0.495,0.525,-0.030
5,mc.lm_SMOTET,0.492,0.532,-0.040
5,mc.lm_SMOTETPhi,0.492,0.528,-0.035
5,mc.lm_UNDERB,0.487,0.530,-0.043
5,mc.lm_UNDERT,0.487,0.536,-0.049
5,mc.lm_UNDERTPhi,0.492,0.525,-0.034
5,mc.mars,0.411,0.434,-0.022
5,mc.mars_OVERB,0.496,0.494,0.002
5,mc.mars_OVERT,0.488,0.492,-0.005
5,mc.mars_OVERTPhi,0.497,0.492,0.005
5,mc.mars_SMOTEB,0.502,0.499,0.003
5,mc.mars_SMOTET,0.510,0.507,0.003
5,mc.mars_SMOTETPhi,0.507,0.507,-0.000
5,mc.mars_UNDERB,0.514,0.508,0.006
5,mc.mars_UNDERT,0.513,0.504,0.009
5,mc.mars_UNDERTPhi,0.516,0.507,0.009
5,mc.rf,0.418,0.424,-0.006
5,mc.rf_OVERB,0.452,0.462,-0.010
5,mc.rf_OVERT,0.452,0.454,-0.001
5,mc.rf_OVERTPhi,0.455,0.461,-0.006
5,mc.rf_SMOTEB,0.520,0.515,0.005
5,mc.rf_SMOTET,0.504,0.500,0.004
5,mc.rf_SMOTETPhi,0.508,0.508,-0.000
5,mc.rf_UNDERB,0.554,0.558,-0.004
5,mc.rf_UNDERT,0.554,0.554,-0.001
5,mc.rf_UNDERTPhi,0.552,0.552,0.000
5,mc.rpart,0.391,0.423,-0.031
5,mc.rpart_OVERB,0.538,0.540,-0.003
5,mc.rpart_OVERT,0.532,0.535,-0.003
5,mc.rpart_OVERTPhi,0.530,0.531,-0.001
5,mc.rpart_SMOTEB,0.521,0.523,-0.003
5,mc.rpart_SMOTET,0.506,0.503,0.003
5,mc.rpart_SMOTETPhi,0.509,0.510,-0.001
5,mc.rpart_UNDERB,0.519,0.511,0.008
5,mc.rpart_UNDERT,0.518,0.519,-0.000
5,mc.rpart_UNDERTPhi,0.518,0.517,0.002
5,mc.svm,0.403,0.410,-0.008
5,mc.svm_OVERB,0.525,0.521,0.003
5,mc.svm_OVERT,0.514,0.511,0.003
5,mc.svm_OVERTPhi,0.513,0.510,0.003
5,mc.svm_SMOTEB,0.517,0.515,0.003
5,mc.svm_SMOTET,0.514,0.509,0.005
5,mc.svm_SMOTETPhi,0.514,0.513,0.001
5,mc.svm_UNDERB,0.525,0.520,0.005
5,mc.svm_UNDERT,0.523,0.518,0.006
5,mc.svm_UNDERTPhi,0.527,0.525,0.002
6,mc.BDES,0.000,0.141,-0.141
6,mc.arima,0.000,0.131,-0.131
6,mc.lm,0.000,0.210,-0.210
6,mc.lm_OVERB,0.432,0.456,-0.024
6,mc.lm_OVERT,0.434,0.463,-0.030
6,mc.lm_OVERTPhi,0.436,0.459,-0.024
6,mc.lm_SMOTEB,0.448,0.479,-0.031
6,mc.lm_SMOTET,0.448,0.469,-0.021
6,mc.lm_SMOTETPhi,0.449,0.474,-0.025
6,mc.lm_UNDERB,0.432,0.461,-0.029
6,mc.lm_UNDERT,0.431,0.463,-0.032
6,mc.lm_UNDERTPhi,0.437,0.469,-0.032
6,mc.mars,0.212,0.210,0.002
6,mc.mars_OVERB,0.446,0.448,-0.003
6,mc.mars_OVERT,0.440,0.444,-0.004
6,mc.mars_OVERTPhi,0.442,0.440,0.002
6,mc.mars_SMOTEB,0.461,0.461,0.000
6,mc.mars_SMOTET,0.452,0.449,0.003
6,mc.mars_SMOTETPhi,0.456,0.454,0.001
6,mc.mars_UNDERB,0.445,0.442,0.003
6,mc.mars_UNDERT,0.443,0.444,-0.001
6,mc.mars_UNDERTPhi,0.448,0.450,-0.002
6,mc.rf,0.111,0.167,-0.056
6,mc.rf_OVERB,0.394,0.375,0.019
6,mc.rf_OVERT,0.371,0.379,-0.008
6,mc.rf_OVERTPhi,0.376,0.371,0.005
6,mc.rf_SMOTEB,0.474,0.472,0.002
6,mc.rf_SMOTET,0.461,0.458,0.003
6,mc.rf_SMOTETPhi,0.467,0.464,0.003
6,mc.rf_UNDERB,0.483,0.474,0.009
6,mc.rf_UNDERT,0.482,0.477,0.006
6,mc.rf_UNDERTPhi,0.486,0.482,0.004
6,mc.rpart,0.382,0.390,-0.008
6,mc.rpart_OVERB,0.439,0.451,-0.012
6,mc.rpart_OVERT,0.432,0.437,-0.005
6,mc.rpart_OVERTPhi,0.435,0.444,-0.009
6,mc.rpart_SMOTEB,0.456,0.456,0.000
6,mc.rpart_SMOTET,0.441,0.449,-0.008
6,mc.rpart_SMOTETPhi,0.451,0.455,-0.004
6,mc.rpart_UNDERB,0.430,0.439,-0.010
6,mc.rpart_UNDERT,0.432,0.433,-0.001
6,mc.rpart_UNDERTPhi,0.443,0.442,0.002
6,mc.svm,0.348,0.343,0.006
6,mc.svm_OVERB,0.454,0.461,-0.007
6,mc.svm_OVERT,0.439,0.447,-0.008
6,mc.svm_OVERTPhi,0.441,0.443,-0.002
6,mc.svm_SMOTEB,0.467,0.470,-0.003
6,mc.svm_SMOTET,0.452,0.450,0.002
6,mc.svm_SMOTETPhi,0.456,0.455,0.001
6,mc.svm_UNDERB,0.444,0.453,-0.009
6,mc.svm_UNDERT,0.445,0.446,-0.001
6,mc.svm_UNDERTPhi,0.466,0.468,-0.003
7,mc.BDES,0.000,0.001,-0.001
7,mc.arima,0.396,0.103,0.293
7,mc.lm,0.541,0.224,0.317
7,mc.lm_OVERB,0.537,0.480,0.057
7,mc.lm_OVERT,0.537,0.483,0.054
7,mc.lm_OVERTPhi,0.537,0.487,0.050
7,mc.lm_SMOTEB,0.548,0.495,0.053
7,mc.lm_SMOTET,0.553,0.488,0.065
7,mc.lm_SMOTETPhi,0.553,0.493,0.060
7,mc.lm_UNDERB,0.538,0.475,0.064
7,mc.lm_UNDERT,0.538,0.485,0.053
7,mc.lm_UNDERTPhi,0.540,0.479,0.061
7,mc.mars,0.476,0.477,-0.000
7,mc.mars_OVERB,0.535,0.541,-0.006
7,mc.mars_OVERT,0.534,0.530,0.004
7,mc.mars_OVERTPhi,0.534,0.531,0.003
7,mc.mars_SMOTEB,0.547,0.557,-0.011
7,mc.mars_SMOTET,0.550,0.551,-0.001
7,mc.mars_SMOTETPhi,0.550,0.551,-0.001
7,mc.mars_UNDERB,0.535,0.526,0.010
7,mc.mars_UNDERT,0.533,0.537,-0.003
7,mc.mars_UNDERTPhi,0.540,0.539,0.001
7,mc.rf,0.507,0.507,0.001
7,mc.rf_OVERB,0.522,0.518,0.004
7,mc.rf_OVERT,0.523,0.503,0.019
7,mc.rf_OVERTPhi,0.521,0.513,0.008
7,mc.rf_SMOTEB,0.544,0.551,-0.007
7,mc.rf_SMOTET,0.545,0.541,0.003
7,mc.rf_SMOTETPhi,0.552,0.566,-0.014
7,mc.rf_UNDERB,0.564,0.564,-0.000
7,mc.rf_UNDERT,0.563,0.561,0.002
7,mc.rf_UNDERTPhi,0.570,0.570,-0.000
7,mc.rpart,0.513,0.512,0.002
7,mc.rpart_OVERB,0.516,0.492,0.025
7,mc.rpart_OVERT,0.509,0.515,-0.006
7,mc.rpart_OVERTPhi,0.506,0.506,0.000
7,mc.rpart_SMOTEB,0.522,0.531,-0.009
7,mc.rpart_SMOTET,0.502,0.508,-0.006
7,mc.rpart_SMOTETPhi,0.512,0.513,-0.002
7,mc.rpart_UNDERB,0.530,0.523,0.006
7,mc.rpart_UNDERT,0.528,0.519,0.008
7,mc.rpart_UNDERTPhi,0.540,0.538,0.002
7,mc.svm,0.456,0.459,-0.002
7,mc.svm_OVERB,0.506,0.506,0.000
7,mc.svm_OVERT,0.500,0.499,0.001
7,mc.svm_OVERTPhi,0.500,0.510,-0.011
7,mc.svm_SMOTEB,0.510,0.519,-0.008
7,mc.svm_SMOTET,0.509,0.511,-0.002
7,mc.svm_SMOTETPhi,0.508,0.510,-0.002
7,mc.svm_UNDERB,0.514,0.510,0.005
7,mc.svm_UNDERT,0.512,0.517,-0.005
7,mc.svm_UNDERTPhi,0.529,0.526,0.003
8,mc.BDES,0.474,0.193,0.280
8,mc.arima,0.501,0.356,0.145
8,mc.lm,0.503,0.517,-0.014
8,mc.lm_OVERB,0.479,0.513,-0.034
8,mc.lm_OVERT,0.483,0.515,-0.032
8,mc.lm_OVERTPhi,0.483,0.509,-0.026
8,mc.lm_SMOTEB,0.475,0.511,-0.036
8,mc.lm_SMOTET,0.489,0.523,-0.034
8,mc.lm_SMOTETPhi,0.481,0.533,-0.052
8,mc.lm_UNDERB,0.494,0.517,-0.022
8,mc.lm_UNDERT,0.497,0.523,-0.026
8,mc.lm_UNDERTPhi,0.498,0.523,-0.025
8,mc.mars,0.587,0.566,0.022
8,mc.mars_OVERB,0.658,0.648,0.010
8,mc.mars_OVERT,0.651,0.626,0.025
8,mc.mars_OVERTPhi,0.651,0.635,0.016
8,mc.mars_SMOTEB,0.663,0.637,0.026
8,mc.mars_SMOTET,0.586,0.568,0.019
8,mc.mars_SMOTETPhi,0.611,0.597,0.014
8,mc.mars_UNDERB,0.638,0.595,0.044
8,mc.mars_UNDERT,0.643,0.610,0.033
8,mc.mars_UNDERTPhi,0.655,0.624,0.031
8,mc.rf,0.698,0.666,0.032
8,mc.rf_OVERB,0.711,0.680,0.031
8,mc.rf_OVERT,0.712,0.694,0.018
8,mc.rf_OVERTPhi,0.711,0.675,0.037
8,mc.rf_SMOTEB,0.721,0.702,0.019
8,mc.rf_SMOTET,0.712,0.677,0.035
8,mc.rf_SMOTETPhi,0.712,0.691,0.021
8,mc.rf_UNDERB,0.715,0.688,0.028
8,mc.rf_UNDERT,0.714,0.687,0.027
8,mc.rf_UNDERTPhi,0.714,0.678,0.036
8,mc.rpart,0.643,0.617,0.025
8,mc.rpart_OVERB,0.667,0.637,0.029
8,mc.rpart_OVERT,0.674,0.631,0.043
8,mc.rpart_OVERTPhi,0.673,0.648,0.025
8,mc.rpart_SMOTEB,0.672,0.653,0.019
8,mc.rpart_SMOTET,0.651,0.631,0.020
8,mc.rpart_SMOTETPhi,0.648,0.613,0.036
8,mc.rpart_UNDERB,0.660,0.648,0.013
8,mc.rpart_UNDERT,0.661,0.634,0.027
8,mc.rpart_UNDERTPhi,0.655,0.615,0.041
8,mc.svm,0.648,0.622,0.027
8,mc.svm_OVERB,0.647,0.614,0.033
8,mc.svm_OVERT,0.658,0.624,0.034
8,mc.svm_OVERTPhi,0.658,0.635,0.023
8,mc.svm_SMOTEB,0.625,0.601,0.024
8,mc.svm_SMOTET,0.619,0.590,0.029
8,mc.svm_SMOTETPhi,0.581,0.540,0.041
8,mc.svm_UNDERB,0.632,0.597,0.036
8,mc.svm_UNDERT,0.634,0.608,0.027
8,mc.svm_UNDERTPhi,0.612,0.587,0.025
9,mc.BDES,0.296,0.384,-0.088
9,mc.arima,0.269,0.394,-0.125
9,mc.lm,0.246,0.373,-0.127
9,mc.lm_OVERB,0.243,0.354,-0.110
9,mc.lm_OVERT,0.232,0.365,-0.134
9,mc.lm_OVERTPhi,0.231,0.375,-0.144
9,mc.lm_SMOTEB,0.241,0.347,-0.106
9,mc.lm_SMOTET,0.246,0.385,-0.140
9,mc.lm_SMOTETPhi,0.245,0.373,-0.128
9,mc.lm_UNDERB,0.235,0.358,-0.123
9,mc.lm_UNDERT,0.235,0.381,-0.147
9,mc.lm_UNDERTPhi,0.237,0.372,-0.135
9,mc.mars,0.270,0.273,-0.003
9,mc.mars_OVERB,0.264,0.260,0.004
9,mc.mars_OVERT,0.271,0.282,-0.012
9,mc.mars_OVERTPhi,0.264,0.271,-0.008
9,mc.mars_SMOTEB,0.279,0.280,-0.000
9,mc.mars_SMOTET,0.281,0.316,-0.035
9,mc.mars_SMOTETPhi,0.289,0.301,-0.012
9,mc.mars_UNDERB,0.264,0.275,-0.011
9,mc.mars_UNDERT,0.263,0.272,-0.009
9,mc.mars_UNDERTPhi,0.283,0.287,-0.004
9,mc.rf,0.235,0.249,-0.014
9,mc.rf_OVERB,0.227,0.237,-0.009
9,mc.rf_OVERT,0.229,0.259,-0.030
9,mc.rf_OVERTPhi,0.227,0.249,-0.021
9,mc.rf_SMOTEB,0.270,0.276,-0.007
9,mc.rf_SMOTET,0.281,0.299,-0.019
9,mc.rf_SMOTETPhi,0.277,0.296,-0.020
9,mc.rf_UNDERB,0.246,0.252,-0.006
9,mc.rf_UNDERT,0.247,0.259,-0.012
9,mc.rf_UNDERTPhi,0.250,0.268,-0.018
9,mc.rpart,0.307,0.330,-0.023
9,mc.rpart_OVERB,0.263,0.270,-0.007
9,mc.rpart_OVERT,0.261,0.283,-0.022
9,mc.rpart_OVERTPhi,0.263,0.269,-0.005
9,mc.rpart_SMOTEB,0.296,0.318,-0.022
9,mc.rpart_SMOTET,0.281,0.290,-0.009
9,mc.rpart_SMOTETPhi,0.284,0.278,0.007
9,mc.rpart_UNDERB,0.304,0.306,-0.002
9,mc.rpart_UNDERT,0.295,0.330,-0.035
9,mc.rpart_UNDERTPhi,0.298,0.307,-0.009
9,mc.svm,0.291,0.309,-0.019
9,mc.svm_OVERB,0.285,0.321,-0.036
9,mc.svm_OVERT,0.287,0.313,-0.026
9,mc.svm_OVERTPhi,0.292,0.298,-0.005
9,mc.svm_SMOTEB,0.290,0.316,-0.026
9,mc.svm_SMOTET,0.281,0.298,-0.018
9,mc.svm_SMOTETPhi,0.278,0.285,-0.007
9,mc.svm_UNDERB,0.293,0.320,-0.027
9,mc.svm_UNDERT,0.296,0.316,-0.021
9,mc.svm_UNDERTPhi,0.281,0.293,-0.012
10,mc.BDES,0.000,0.148,-0.148
10,mc.arima,0.000,0.117,-0.117
10,mc.lm,0.000,0.114,-0.114
10,mc.lm_OVERB,0.669,0.470,0.199
10,mc.lm_OVERT,0.670,0.461,0.210
10,mc.lm_OVERTPhi,0.670,0.457,0.213
10,mc.lm_SMOTEB,0.666,0.434,0.232
10,mc.lm_SMOTET,0.648,0.450,0.197
10,mc.lm_SMOTETPhi,0.644,0.460,0.184
10,mc.lm_UNDERB,0.647,0.430,0.217
10,mc.lm_UNDERT,0.650,0.470,0.179
10,mc.lm_UNDERTPhi,0.649,0.452,0.197
10,mc.mars,0.162,0.163,-0.001
10,mc.mars_OVERB,0.607,0.603,0.004
10,mc.mars_OVERT,0.601,0.574,0.027
10,mc.mars_OVERTPhi,0.611,0.592,0.019
10,mc.mars_SMOTEB,0.612,0.604,0.008
10,mc.mars_SMOTET,0.600,0.590,0.010
10,mc.mars_SMOTETPhi,0.618,0.609,0.009
10,mc.mars_UNDERB,0.515,0.478,0.037
10,mc.mars_UNDERT,0.466,0.493,-0.027
10,mc.mars_UNDERTPhi,0.628,0.622,0.007
10,mc.rf,0.000,0.019,-0.019
10,mc.rf_OVERB,0.452,0.484,-0.032
10,mc.rf_OVERT,0.620,0.595,0.025
10,mc.rf_OVERTPhi,0.613,0.615,-0.001
10,mc.rf_SMOTEB,0.620,0.619,0.002
10,mc.rf_SMOTET,0.627,0.608,0.019
10,mc.rf_SMOTETPhi,0.641,0.630,0.011
10,mc.rf_UNDERB,0.649,0.647,0.003
10,mc.rf_UNDERT,0.651,0.633,0.018
10,mc.rf_UNDERTPhi,0.648,0.641,0.007
10,mc.rpart,0.543,0.569,-0.026
10,mc.rpart_OVERB,0.558,0.554,0.004
10,mc.rpart_OVERT,0.558,0.532,0.025
10,mc.rpart_OVERTPhi,0.555,0.541,0.014
10,mc.rpart_SMOTEB,0.568,0.562,0.006
10,mc.rpart_SMOTET,0.568,0.550,0.018
10,mc.rpart_SMOTETPhi,0.603,0.584,0.019
10,mc.rpart_UNDERB,0.600,0.601,-0.000
10,mc.rpart_UNDERT,0.601,0.587,0.014
10,mc.rpart_UNDERTPhi,0.623,0.608,0.015
10,mc.svm,0.589,0.606,-0.017
10,mc.svm_OVERB,0.593,0.564,0.028
10,mc.svm_OVERT,0.602,0.592,0.010
10,mc.svm_OVERTPhi,0.600,0.584,0.017
10,mc.svm_SMOTEB,0.591,0.573,0.019
10,mc.svm_SMOTET,0.577,0.573,0.004
10,mc.svm_SMOTETPhi,0.606,0.588,0.018
10,mc.svm_UNDERB,0.580,0.573,0.006
10,mc.svm_UNDERT,0.573,0.565,0.008
10,mc.svm_UNDERTPhi,0.612,0.606,0.006
11,mc.BDES,0.257,0.115,0.142
11,mc.arima,0.284,0.140,0.145
11,mc.lm,0.241,0.103,0.138
11,mc.lm_OVERB,0.446,0.526,-0.080
11,mc.lm_OVERT,0.456,0.535,-0.079
11,mc.lm_OVERTPhi,0.455,0.549,-0.094
11,mc.lm_SMOTEB,0.475,0.561,-0.086
11,mc.lm_SMOTET,0.464,0.555,-0.092
11,mc.lm_SMOTETPhi,0.459,0.535,-0.076
11,mc.lm_UNDERB,0.447,0.523,-0.076
11,mc.lm_UNDERT,0.449,0.532,-0.083
11,mc.lm_UNDERTPhi,0.441,0.541,-0.101
11,mc.mars,0.389,0.384,0.005
11,mc.mars_OVERB,0.439,0.444,-0.005
11,mc.mars_OVERT,0.429,0.435,-0.006
11,mc.mars_OVERTPhi,0.425,0.427,-0.003
11,mc.mars_SMOTEB,0.454,0.459,-0.005
11,mc.mars_SMOTET,0.435,0.444,-0.009
11,mc.mars_SMOTETPhi,0.428,0.435,-0.007
11,mc.mars_UNDERB,0.412,0.413,-0.000
11,mc.mars_UNDERT,0.411,0.416,-0.004
11,mc.mars_UNDERTPhi,0.415,0.428,-0.014
11,mc.rf,0.367,0.334,0.034
11,mc.rf_OVERB,0.411,0.419,-0.007
11,mc.rf_OVERT,0.403,0.394,0.009
11,mc.rf_OVERTPhi,0.406,0.404,0.002
11,mc.rf_SMOTEB,0.436,0.456,-0.020
11,mc.rf_SMOTET,0.424,0.448,-0.024
11,mc.rf_SMOTETPhi,0.423,0.432,-0.009
11,mc.rf_UNDERB,0.434,0.435,-0.001
11,mc.rf_UNDERT,0.436,0.450,-0.014
11,mc.rf_UNDERTPhi,0.434,0.446,-0.013
11,mc.rpart,0.418,0.422,-0.004
11,mc.rpart_OVERB,0.380,0.387,-0.007
11,mc.rpart_OVERT,0.385,0.398,-0.014
11,mc.rpart_OVERTPhi,0.383,0.405,-0.022
11,mc.rpart_SMOTEB,0.393,0.402,-0.009
11,mc.rpart_SMOTET,0.390,0.398,-0.008
11,mc.rpart_SMOTETPhi,0.391,0.410,-0.018
11,mc.rpart_UNDERB,0.414,0.426,-0.013
11,mc.rpart_UNDERT,0.410,0.425,-0.015
11,mc.rpart_UNDERTPhi,0.403,0.410,-0.007
11,mc.svm,0.425,0.418,0.008
11,mc.svm_OVERB,0.467,0.469,-0.002
11,mc.svm_OVERT,0.460,0.458,0.003
11,mc.svm_OVERTPhi,0.457,0.461,-0.004
11,mc.svm_SMOTEB,0.466,0.471,-0.005
11,mc.svm_SMOTET,0.456,0.464,-0.008
11,mc.svm_SMOTETPhi,0.446,0.459,-0.012
11,mc.svm_UNDERB,0.467,0.470,-0.003
11,mc.svm_UNDERT,0.473,0.472,0.001
11,mc.svm_UNDERTPhi,0.477,0.479,-0.003
12,mc.BDES,0.000,0.099,-0.099
12,mc.arima,0.446,0.369,0.077
12,mc.lm,0.429,0.329,0.099
12,mc.lm_OVERB,0.628,0.553,0.075
12,mc.lm_OVERT,0.627,0.545,0.082
12,mc.lm_OVERTPhi,0.626,0.555,0.072
12,mc.lm_SMOTEB,0.614,0.568,0.046
12,mc.lm_SMOTET,0.608,0.537,0.071
12,mc.lm_SMOTETPhi,0.605,0.547,0.058
12,mc.lm_UNDERB,0.622,0.546,0.075
12,mc.lm_UNDERT,0.621,0.561,0.060
12,mc.lm_UNDERTPhi,0.624,0.543,0.081
12,mc.mars,0.520,0.535,-0.014
12,mc.mars_OVERB,0.588,0.586,0.001
12,mc.mars_OVERT,0.593,0.590,0.003
12,mc.mars_OVERTPhi,0.590,0.586,0.004
12,mc.mars_SMOTEB,0.584,0.583,0.001
12,mc.mars_SMOTET,0.577,0.573,0.004
12,mc.mars_SMOTETPhi,0.567,0.562,0.005
12,mc.mars_UNDERB,0.573,0.571,0.002
12,mc.mars_UNDERT,0.571,0.569,0.002
12,mc.mars_UNDERTPhi,0.578,0.576,0.002
12,mc.rf,0.445,0.452,-0.007
12,mc.rf_OVERB,0.493,0.461,0.031
12,mc.rf_OVERT,0.435,0.442,-0.007
12,mc.rf_OVERTPhi,0.432,0.414,0.018
12,mc.rf_SMOTEB,0.517,0.525,-0.008
12,mc.rf_SMOTET,0.515,0.523,-0.008
12,mc.rf_SMOTETPhi,0.524,0.519,0.006
12,mc.rf_UNDERB,0.516,0.540,-0.024
12,mc.rf_UNDERT,0.520,0.515,0.004
12,mc.rf_UNDERTPhi,0.523,0.523,-0.000
12,mc.rpart,0.476,0.486,-0.010
12,mc.rpart_OVERB,0.432,0.431,0.000
12,mc.rpart_OVERT,0.438,0.435,0.003
12,mc.rpart_OVERTPhi,0.439,0.441,-0.002
12,mc.rpart_SMOTEB,0.476,0.475,0.001
12,mc.rpart_SMOTET,0.478,0.468,0.010
12,mc.rpart_SMOTETPhi,0.491,0.492,-0.001
12,mc.rpart_UNDERB,0.469,0.460,0.009
12,mc.rpart_UNDERT,0.460,0.474,-0.014
12,mc.rpart_UNDERTPhi,0.472,0.474,-0.002
12,mc.svm,0.557,0.551,0.006
12,mc.svm_OVERB,0.535,0.534,0.001
12,mc.svm_OVERT,0.543,0.540,0.004
12,mc.svm_OVERTPhi,0.540,0.539,0.001
12,mc.svm_SMOTEB,0.521,0.521,0.001
12,mc.svm_SMOTET,0.511,0.512,-0.002
12,mc.svm_SMOTETPhi,0.507,0.511,-0.004
12,mc.svm_UNDERB,0.516,0.524,-0.009
12,mc.svm_UNDERT,0.520,0.521,-0.000
12,mc.svm_UNDERTPhi,0.523,0.523,0.001
13,mc.BDES,0.000,0.033,-0.033
13,mc.arima,0.521,0.404,0.118
13,mc.lm,0.521,0.384,0.137
13,mc.lm_OVERB,0.612,0.622,-0.011
13,mc.lm_OVERT,0.611,0.628,-0.016
13,mc.lm_OVERTPhi,0.612,0.627,-0.016
13,mc.lm_SMOTEB,0.593,0.604,-0.011
13,mc.lm_SMOTET,0.583,0.598,-0.015
13,mc.lm_SMOTETPhi,0.582,0.593,-0.011
13,mc.lm_UNDERB,0.606,0.619,-0.013
13,mc.lm_UNDERT,0.609,0.646,-0.037
13,mc.lm_UNDERTPhi,0.603,0.648,-0.044
13,mc.mars,0.533,0.581,-0.049
13,mc.mars_OVERB,0.575,0.567,0.008
13,mc.mars_OVERT,0.556,0.550,0.006
13,mc.mars_OVERTPhi,0.555,0.541,0.013
13,mc.mars_SMOTEB,0.554,0.556,-0.002
13,mc.mars_SMOTET,0.543,0.535,0.008
13,mc.mars_SMOTETPhi,0.552,0.543,0.009
13,mc.mars_UNDERB,0.557,0.532,0.024
13,mc.mars_UNDERT,0.556,0.558,-0.002
13,mc.mars_UNDERTPhi,0.556,0.550,0.007
13,mc.rf,0.425,0.442,-0.017
13,mc.rf_OVERB,0.544,0.531,0.013
13,mc.rf_OVERT,0.515,0.473,0.042
13,mc.rf_OVERTPhi,0.519,0.485,0.033
13,mc.rf_SMOTEB,0.571,0.580,-0.009
13,mc.rf_SMOTET,0.557,0.573,-0.016
13,mc.rf_SMOTETPhi,0.564,0.564,0.001
13,mc.rf_UNDERB,0.573,0.577,-0.005
13,mc.rf_UNDERT,0.581,0.555,0.026
13,mc.rf_UNDERTPhi,0.578,0.577,0.001
13,mc.rpart,0.517,0.532,-0.015
13,mc.rpart_OVERB,0.488,0.498,-0.010
13,mc.rpart_OVERT,0.471,0.490,-0.019
13,mc.rpart_OVERTPhi,0.470,0.478,-0.008
13,mc.rpart_SMOTEB,0.499,0.499,0.000
13,mc.rpart_SMOTET,0.505,0.509,-0.004
13,mc.rpart_SMOTETPhi,0.511,0.521,-0.010
13,mc.rpart_UNDERB,0.500,0.532,-0.032
13,mc.rpart_UNDERT,0.512,0.528,-0.015
13,mc.rpart_UNDERTPhi,0.505,0.519,-0.014
13,mc.svm,0.578,0.602,-0.024
13,mc.svm_OVERB,0.551,0.566,-0.014
13,mc.svm_OVERT,0.534,0.557,-0.024
13,mc.svm_OVERTPhi,0.535,0.549,-0.014
13,mc.svm_SMOTEB,0.521,0.528,-0.007
13,mc.svm_SMOTET,0.540,0.541,-0.002
13,mc.svm_SMOTETPhi,0.533,0.549,-0.016
13,mc.svm_UNDERB,0.555,0.562,-0.007
13,mc.svm_UNDERT,0.551,0.543,0.008
13,mc.svm_UNDERTPhi,0.558,0.559,-0.001
14,mc.BDES,0.000,0.018,-0.018
14,mc.arima,0.000,0.124,-0.124
14,mc.lm,0.000,0.119,-0.119
14,mc.lm_OVERB,0.363,0.440,-0.077
14,mc.lm_OVERT,0.364,0.459,-0.095
14,mc.lm_OVERTPhi,0.373,0.474,-0.102
14,mc.lm_SMOTEB,0.355,0.460,-0.105
14,mc.lm_SMOTET,0.351,0.442,-0.091
14,mc.lm_SMOTETPhi,0.355,0.435,-0.080
14,mc.lm_UNDERB,0.331,0.429,-0.098
14,mc.lm_UNDERT,0.352,0.450,-0.098
14,mc.lm_UNDERTPhi,0.344,0.437,-0.093
14,mc.mars,0.226,0.218,0.007
14,mc.mars_OVERB,0.407,0.397,0.010
14,mc.mars_OVERT,0.399,0.383,0.016
14,mc.mars_OVERTPhi,0.395,0.403,-0.007
14,mc.mars_SMOTEB,0.390,0.397,-0.007
14,mc.mars_SMOTET,0.389,0.402,-0.013
14,mc.mars_SMOTETPhi,0.384,0.384,0.000
14,mc.mars_UNDERB,0.311,0.308,0.003
14,mc.mars_UNDERT,0.315,0.322,-0.007
14,mc.mars_UNDERTPhi,0.308,0.333,-0.025
14,mc.rf,0.073,0.124,-0.051
14,mc.rf_OVERB,0.165,0.212,-0.047
14,mc.rf_OVERT,0.175,0.193,-0.017
14,mc.rf_OVERTPhi,0.157,0.183,-0.026
14,mc.rf_SMOTEB,0.395,0.372,0.023
14,mc.rf_SMOTET,0.377,0.370,0.006
14,mc.rf_SMOTETPhi,0.385,0.391,-0.006
14,mc.rf_UNDERB,0.166,0.213,-0.048
14,mc.rf_UNDERT,0.179,0.197,-0.017
14,mc.rf_UNDERTPhi,0.187,0.146,0.041
14,mc.rpart,0.359,0.374,-0.016
14,mc.rpart_OVERB,0.396,0.394,0.002
14,mc.rpart_OVERT,0.389,0.389,-0.000
14,mc.rpart_OVERTPhi,0.384,0.383,0.001
14,mc.rpart_SMOTEB,0.389,0.404,-0.015
14,mc.rpart_SMOTET,0.395,0.386,0.008
14,mc.rpart_SMOTETPhi,0.400,0.398,0.002
14,mc.rpart_UNDERB,0.386,0.387,-0.000
14,mc.rpart_UNDERT,0.382,0.395,-0.013
14,mc.rpart_UNDERTPhi,0.393,0.372,0.021
14,mc.svm,0.222,0.315,-0.093
14,mc.svm_OVERB,0.347,0.344,0.003
14,mc.svm_OVERT,0.353,0.356,-0.003
14,mc.svm_OVERTPhi,0.349,0.367,-0.017
14,mc.svm_SMOTEB,0.359,0.376,-0.016
14,mc.svm_SMOTET,0.330,0.362,-0.032
14,mc.svm_SMOTETPhi,0.340,0.351,-0.011
14,mc.svm_UNDERB,0.358,0.367,-0.009
14,mc.svm_UNDERT,0.354,0.360,-0.006
14,mc.svm_UNDERTPhi,0.348,0.354,-0.005
15,mc.BDES,0.000,0.003,-0.003
15,mc.arima,0.000,0.001,-0.001
15,mc.lm,0.000,0.001,-0.001
15,mc.lm_OVERB,0.279,0.306,-0.027
15,mc.lm_OVERT,0.242,0.292,-0.050
15,mc.lm_OVERTPhi,0.224,0.283,-0.059
15,mc.lm_SMOTEB,0.356,0.349,0.006
15,mc.lm_SMOTET,0.346,0.347,-0.001
15,mc.lm_SMOTETPhi,0.354,0.343,0.011
15,mc.lm_UNDERB,0.311,0.320,-0.009
15,mc.lm_UNDERT,0.332,0.337,-0.004
15,mc.lm_UNDERTPhi,0.356,0.352,0.004
15,mc.mars,0.117,0.154,-0.037
15,mc.mars_OVERB,0.330,0.343,-0.013
15,mc.mars_OVERT,0.361,0.363,-0.002
15,mc.mars_OVERTPhi,0.354,0.362,-0.009
15,mc.mars_SMOTEB,0.333,0.331,0.002
15,mc.mars_SMOTET,0.334,0.325,0.009
15,mc.mars_SMOTETPhi,0.329,0.339,-0.010
15,mc.mars_UNDERB,0.151,0.200,-0.049
15,mc.mars_UNDERT,0.171,0.181,-0.010
15,mc.mars_UNDERTPhi,0.170,0.175,-0.005
15,mc.rf,0.004,0.025,-0.021
15,mc.rf_OVERB,0.023,0.026,-0.003
15,mc.rf_OVERT,0.009,0.009,-0.000
15,mc.rf_OVERTPhi,0.010,0.016,-0.006
15,mc.rf_SMOTEB,0.180,0.207,-0.027
15,mc.rf_SMOTET,0.256,0.249,0.007
15,mc.rf_SMOTETPhi,0.274,0.292,-0.019
15,mc.rf_UNDERB,0.026,0.058,-0.032
15,mc.rf_UNDERT,0.023,0.070,-0.047
15,mc.rf_UNDERTPhi,0.017,0.041,-0.025
15,mc.rpart,0.278,0.359,-0.082
15,mc.rpart_OVERB,0.373,0.381,-0.008
15,mc.rpart_OVERT,0.390,0.389,0.001
15,mc.rpart_OVERTPhi,0.371,0.379,-0.009
15,mc.rpart_SMOTEB,0.333,0.341,-0.008
15,mc.rpart_SMOTET,0.343,0.342,0.001
15,mc.rpart_SMOTETPhi,0.351,0.326,0.025
15,mc.rpart_UNDERB,0.356,0.358,-0.002
15,mc.rpart_UNDERT,0.339,0.373,-0.034
15,mc.rpart_UNDERTPhi,0.363,0.375,-0.012
15,mc.svm,0.222,0.282,-0.060
15,mc.svm_OVERB,0.298,0.342,-0.044
15,mc.svm_OVERT,0.323,0.341,-0.018
15,mc.svm_OVERTPhi,0.339,0.342,-0.003
15,mc.svm_SMOTEB,0.308,0.310,-0.002
15,mc.svm_SMOTET,0.316,0.305,0.010
15,mc.svm_SMOTETPhi,0.302,0.304,-0.002
15,mc.svm_UNDERB,0.324,0.332,-0.008
15,mc.svm_UNDERT,0.314,0.315,-0.001
15,mc.svm_UNDERTPhi,0.316,0.329,-0.013
16,mc.BDES,0.000,0.001,-0.001
16,mc.lm,0.000,0.001,-0.001
16,mc.lm_OVERB,0.337,0.327,0.010
16,mc.lm_OVERT,0.331,0.321,0.010
16,mc.lm_OVERTPhi,0.335,0.306,0.029
16,mc.lm_SMOTEB,0.370,0.367,0.003
16,mc.lm_SMOTET,0.360,0.356,0.004
16,mc.lm_SMOTETPhi,0.363,0.357,0.006
16,mc.lm_UNDERB,0.352,0.338,0.014
16,mc.lm_UNDERT,0.363,0.360,0.002
16,mc.lm_UNDERTPhi,0.359,0.364,-0.006
16,mc.mars,0.193,0.218,-0.025
16,mc.mars_OVERB,0.357,0.338,0.019
16,mc.mars_OVERT,0.347,0.346,0.001
16,mc.mars_OVERTPhi,0.344,0.341,0.003
16,mc.mars_SMOTEB,0.373,0.360,0.013
16,mc.mars_SMOTET,0.354,0.357,-0.003
16,mc.mars_SMOTETPhi,0.351,0.350,0.001
16,mc.mars_UNDERB,0.089,0.133,-0.043
16,mc.mars_UNDERT,0.132,0.124,0.008
16,mc.mars_UNDERTPhi,0.135,0.142,-0.006
16,mc.rf,0.019,0.048,-0.029
16,mc.rf_OVERB,0.153,0.148,0.004
16,mc.rf_OVERT,0.175,0.093,0.082
16,mc.rf_OVERTPhi,0.151,0.097,0.054
16,mc.rf_SMOTEB,0.389,0.362,0.027
16,mc.rf_SMOTET,0.322,0.334,-0.012
16,mc.rf_SMOTETPhi,0.333,0.331,0.002
16,mc.rf_UNDERB,0.144,0.164,-0.019
16,mc.rf_UNDERT,0.185,0.206,-0.021
16,mc.rf_UNDERTPhi,0.206,0.201,0.005
16,mc.rpart,0.268,0.271,-0.003
16,mc.rpart_OVERB,0.372,0.365,0.007
16,mc.rpart_OVERT,0.381,0.352,0.029
16,mc.rpart_OVERTPhi,0.367,0.347,0.020
16,mc.rpart_SMOTEB,0.386,0.374,0.013
16,mc.rpart_SMOTET,0.360,0.366,-0.006
16,mc.rpart_SMOTETPhi,0.365,0.359,0.006
16,mc.rpart_UNDERB,0.375,0.372,0.004
16,mc.rpart_UNDERT,0.357,0.364,-0.007
16,mc.rpart_UNDERTPhi,0.368,0.355,0.013
16,mc.svm,0.372,0.380,-0.008
16,mc.svm_OVERT,0.381,0.358,0.022
16,mc.svm_OVERTPhi,0.381,0.358,0.022
16,mc.svm_SMOTEB,0.366,0.349,0.017
16,mc.svm_SMOTET,0.354,0.363,-0.009
16,mc.svm_SMOTETPhi,0.358,0.342,0.016
16,mc.svm_UNDERB,0.379,0.366,0.013
16,mc.svm_UNDERT,0.383,0.369,0.013
16,mc.svm_UNDERTPhi,0.366,0.352,0.014
17,mc.BDES,0.000,0.002,-0.002
17,mc.arima,0.000,0.001,-0.001
17,mc.lm,0.000,0.001,-0.001
17,mc.lm_OVERB,0.276,0.271,0.004
17,mc.lm_OVERT,0.210,0.194,0.016
17,mc.lm_OVERTPhi,0.233,0.208,0.026
17,mc.lm_SMOTEB,0.386,0.375,0.011
17,mc.lm_SMOTET,0.366,0.355,0.011
17,mc.lm_SMOTETPhi,0.367,0.366,0.001
17,mc.lm_UNDERB,0.254,0.307,-0.053
17,mc.lm_UNDERT,0.313,0.327,-0.014
17,mc.lm_UNDERTPhi,0.347,0.366,-0.019
17,mc.mars,0.202,0.257,-0.055
17,mc.mars_OVERB,0.374,0.374,0.000
17,mc.mars_OVERT,0.385,0.380,0.005
17,mc.mars_OVERTPhi,0.379,0.392,-0.013
17,mc.mars_SMOTEB,0.368,0.373,-0.005
17,mc.mars_SMOTET,0.346,0.360,-0.014
17,mc.mars_SMOTETPhi,0.366,0.373,-0.006
17,mc.mars_UNDERB,0.221,0.256,-0.036
17,mc.mars_UNDERT,0.254,0.240,0.013
17,mc.mars_UNDERTPhi,0.201,0.249,-0.048
17,mc.rf,0.000,0.011,-0.011
17,mc.rf_OVERB,0.156,0.226,-0.070
17,mc.rf_OVERT,0.144,0.182,-0.038
17,mc.rf_OVERTPhi,0.170,0.185,-0.016
17,mc.rf_SMOTEB,0.343,0.338,0.004
17,mc.rf_SMOTET,0.281,0.304,-0.023
17,mc.rf_SMOTETPhi,0.344,0.366,-0.022
17,mc.rf_UNDERB,0.088,0.102,-0.014
17,mc.rf_UNDERT,0.104,0.144,-0.039
17,mc.rf_UNDERTPhi,0.088,0.115,-0.028
17,mc.rpart,0.417,0.409,0.009
17,mc.rpart_OVERB,0.402,0.400,0.002
17,mc.rpart_OVERT,0.397,0.415,-0.018
17,mc.rpart_OVERTPhi,0.399,0.403,-0.005
17,mc.rpart_SMOTEB,0.396,0.391,0.005
17,mc.rpart_SMOTET,0.376,0.375,0.001
17,mc.rpart_SMOTETPhi,0.386,0.382,0.004
17,mc.rpart_UNDERB,0.395,0.408,-0.013
17,mc.rpart_UNDERT,0.387,0.394,-0.007
17,mc.rpart_UNDERTPhi,0.403,0.403,-0.000
17,mc.svm,0.303,0.318,-0.014
17,mc.svm_OVERB,0.419,0.435,-0.016
17,mc.svm_OVERT,0.432,0.434,-0.002
17,mc.svm_OVERTPhi,0.432,0.441,-0.008
17,mc.svm_SMOTEB,0.392,0.392,0.001
17,mc.svm_SMOTET,0.362,0.372,-0.010
17,mc.svm_SMOTETPhi,0.359,0.354,0.005
17,mc.svm_UNDERB,0.381,0.394,-0.013
17,mc.svm_UNDERT,0.387,0.388,-0.001
17,mc.svm_UNDERTPhi,0.376,0.383,-0.006
18,mc.BDES,0.000,0.001,-0.001
18,mc.lm,0.000,0.001,-0.001
18,mc.lm_OVERB,0.256,0.219,0.037
18,mc.lm_OVERT,0.296,0.242,0.054
18,mc.lm_OVERTPhi,0.314,0.262,0.052
18,mc.lm_SMOTEB,0.350,0.345,0.005
18,mc.lm_SMOTET,0.354,0.357,-0.004
18,mc.lm_SMOTETPhi,0.325,0.343,-0.018
18,mc.lm_UNDERB,0.281,0.261,0.020
18,mc.lm_UNDERT,0.241,0.314,-0.073
18,mc.lm_UNDERTPhi,0.294,0.328,-0.034
18,mc.mars,0.087,0.124,-0.038
18,mc.mars_OVERB,0.330,0.302,0.028
18,mc.mars_OVERT,0.356,0.353,0.003
18,mc.mars_OVERTPhi,0.332,0.341,-0.009
18,mc.mars_SMOTEB,0.374,0.356,0.019
18,mc.mars_SMOTET,0.370,0.363,0.006
18,mc.mars_SMOTETPhi,0.354,0.354,-0.000
18,mc.mars_UNDERB,0.105,0.148,-0.043
18,mc.mars_UNDERT,0.125,0.153,-0.028
18,mc.mars_UNDERTPhi,0.111,0.171,-0.060
18,mc.rf,0.000,0.002,-0.002
18,mc.rf_OVERB,0.077,0.106,-0.029
18,mc.rf_OVERT,0.035,0.067,-0.032
18,mc.rf_OVERTPhi,0.056,0.057,-0.002
18,mc.rf_SMOTEB,0.389,0.360,0.029
18,mc.rf_SMOTET,0.346,0.325,0.021
18,mc.rf_SMOTETPhi,0.354,0.333,0.021
18,mc.rf_UNDERB,0.086,0.102,-0.016
18,mc.rf_UNDERT,0.092,0.094,-0.002
18,mc.rf_UNDERTPhi,0.108,0.116,-0.008
18,mc.rpart,0.356,0.348,0.008
18,mc.rpart_OVERB,0.365,0.346,0.018
18,mc.rpart_OVERT,0.365,0.358,0.006
18,mc.rpart_OVERTPhi,0.373,0.352,0.021
18,mc.rpart_SMOTEB,0.357,0.355,0.002
18,mc.rpart_SMOTET,0.365,0.355,0.010
18,mc.rpart_SMOTETPhi,0.351,0.351,0.000
18,mc.rpart_UNDERB,0.366,0.363,0.002
18,mc.rpart_UNDERT,0.363,0.358,0.005
18,mc.rpart_UNDERTPhi,0.366,0.373,-0.007
18,mc.svm,0.251,0.337,-0.086
18,mc.svm_OVERB,0.337,0.343,-0.006
18,mc.svm_OVERT,0.330,0.331,-0.002
18,mc.svm_OVERTPhi,0.310,0.334,-0.023
18,mc.svm_SMOTEB,0.321,0.319,0.001
18,mc.svm_SMOTET,0.337,0.334,0.003
18,mc.svm_SMOTETPhi,0.329,0.331,-0.002
18,mc.svm_UNDERB,0.334,0.347,-0.014
18,mc.svm_UNDERT,0.339,0.341,-0.002
18,mc.svm_UNDERTPhi,0.339,0.345,-0.006
19,mc.BDES,0.000,0.002,-0.002
19,mc.lm,0.000,0.001,-0.001
19,mc.lm_OVERB,0.359,0.323,0.037
19,mc.lm_OVERT,0.358,0.338,0.020
19,mc.lm_OVERTPhi,0.355,0.346,0.009
19,mc.lm_SMOTEB,0.358,0.349,0.009
19,mc.lm_SMOTET,0.361,0.353,0.008
19,mc.lm_SMOTETPhi,0.354,0.343,0.011
19,mc.lm_UNDERB,0.354,0.325,0.030
19,mc.lm_UNDERT,0.351,0.338,0.012
19,mc.lm_UNDERTPhi,0.345,0.341,0.004
19,mc.mars,0.172,0.206,-0.034
19,mc.mars_OVERB,0.324,0.314,0.010
19,mc.mars_OVERT,0.334,0.331,0.003
19,mc.mars_OVERTPhi,0.326,0.319,0.006
19,mc.mars_SMOTEB,0.322,0.305,0.016
19,mc.mars_SMOTET,0.339,0.322,0.017
19,mc.mars_SMOTETPhi,0.323,0.313,0.009
19,mc.mars_UNDERB,0.126,0.135,-0.010
19,mc.mars_UNDERT,0.154,0.107,0.047
19,mc.mars_UNDERTPhi,0.136,0.175,-0.040
19,mc.rf,0.023,0.015,0.008
19,mc.rf_OVERB,0.054,0.069,-0.015
19,mc.rf_OVERT,0.031,0.039,-0.008
19,mc.rf_OVERTPhi,0.044,0.036,0.008
19,mc.rf_SMOTEB,0.332,0.312,0.019
19,mc.rf_SMOTET,0.278,0.282,-0.004
19,mc.rf_SMOTETPhi,0.280,0.297,-0.017
19,mc.rf_UNDERB,0.075,0.098,-0.023
19,mc.rf_UNDERT,0.075,0.097,-0.022
19,mc.rf_UNDERTPhi,0.125,0.084,0.041
19,mc.rpart,0.326,0.315,0.011
19,mc.rpart_OVERB,0.352,0.342,0.010
19,mc.rpart_OVERT,0.346,0.338,0.007
19,mc.rpart_OVERTPhi,0.356,0.341,0.016
19,mc.rpart_SMOTEB,0.347,0.338,0.009
19,mc.rpart_SMOTET,0.328,0.331,-0.003
19,mc.rpart_SMOTETPhi,0.322,0.311,0.011
19,mc.rpart_UNDERB,0.337,0.323,0.015
19,mc.rpart_UNDERT,0.336,0.332,0.004
19,mc.rpart_UNDERTPhi,0.338,0.328,0.010
19,mc.svm,0.374,0.374,-0.000
19,mc.svm_OVERB,0.358,0.341,0.017
19,mc.svm_OVERT,0.355,0.338,0.017
19,mc.svm_OVERTPhi,0.349,0.337,0.012
19,mc.svm_SMOTEB,0.327,0.316,0.011
19,mc.svm_SMOTET,0.334,0.319,0.015
19,mc.svm_SMOTETPhi,0.345,0.326,0.019
19,mc.svm_UNDERB,0.330,0.329,0.000
19,mc.svm_UNDERT,0.341,0.329,0.012
19,mc.svm_UNDERTPhi,0.330,0.330,-0.000
20,mc.BDES,0.000,-0.021,0.021
20,mc.arima,0.000,0.001,-0.001
20,mc.lm,0.000,0.001,-0.001
20,mc.lm_OVERB,0.336,0.350,-0.014
20,mc.lm_OVERT,0.308,0.284,0.024
20,mc.lm_OVERTPhi,0.309,0.314,-0.005
20,mc.lm_SMOTEB,0.355,0.347,0.008
20,mc.lm_SMOTET,0.359,0.359,-0.000
20,mc.lm_SMOTETPhi,0.350,0.319,0.031
20,mc.lm_UNDERB,0.364,0.317,0.047
20,mc.lm_UNDERT,0.356,0.352,0.004
20,mc.lm_UNDERTPhi,0.351,0.344,0.007
20,mc.mars,0.208,0.256,-0.048
20,mc.mars_OVERB,0.355,0.340,0.015
20,mc.mars_OVERT,0.353,0.383,-0.029
20,mc.mars_OVERTPhi,0.341,0.361,-0.020
20,mc.mars_SMOTEB,0.320,0.323,-0.003
20,mc.mars_SMOTET,0.340,0.370,-0.031
20,mc.mars_SMOTETPhi,0.324,0.354,-0.030
20,mc.mars_UNDERB,0.048,0.068,-0.020
20,mc.mars_UNDERT,0.059,0.126,-0.067
20,mc.mars_UNDERTPhi,0.062,0.077,-0.015
20,mc.rf,0.000,0.032,-0.032
20,mc.rf_OVERB,0.102,0.121,-0.019
20,mc.rf_OVERT,0.085,0.131,-0.046
20,mc.rf_OVERTPhi,0.074,0.103,-0.028
20,mc.rf_SMOTEB,0.375,0.366,0.009
20,mc.rf_SMOTET,0.319,0.341,-0.022
20,mc.rf_SMOTETPhi,0.348,0.383,-0.035
20,mc.rf_UNDERB,0.091,0.097,-0.006
20,mc.rf_UNDERT,0.090,0.087,0.003
20,mc.rf_UNDERTPhi,0.163,0.145,0.018
20,mc.rpart,0.349,0.366,-0.017
20,mc.rpart_OVERB,0.369,0.357,0.012
20,mc.rpart_OVERT,0.365,0.369,-0.004
20,mc.rpart_OVERTPhi,0.361,0.389,-0.028
20,mc.rpart_SMOTEB,0.342,0.355,-0.013
20,mc.rpart_SMOTET,0.339,0.372,-0.033
20,mc.rpart_SMOTETPhi,0.358,0.344,0.014
20,mc.rpart_UNDERB,0.322,0.346,-0.024
20,mc.rpart_UNDERT,0.348,0.331,0.017
20,mc.rpart_UNDERTPhi,0.349,0.372,-0.023
20,mc.svm,0.198,0.270,-0.072
20,mc.svm_OVERB,0.328,0.307,0.021
20,mc.svm_OVERT,0.317,0.318,-0.002
20,mc.svm_OVERTPhi,0.329,0.336,-0.008
20,mc.svm_SMOTEB,0.305,0.301,0.004
20,mc.svm_SMOTET,0.323,0.340,-0.017
20,mc.svm_SMOTETPhi,0.344,0.351,-0.007
20,mc.svm_UNDERB,0.314,0.302,0.012
20,mc.svm_UNDERT,0.282,0.328,-0.046
20,mc.svm_UNDERTPhi,0.314,0.316,-0.003
21,mc.BDES,0.243,0.164,0.079
21,mc.arima,0.937,0.890,0.047
21,mc.lm,0.938,0.881,0.057
21,mc.lm_OVERB,0.942,0.925,0.017
21,mc.lm_OVERT,0.942,0.934,0.008
21,mc.lm_OVERTPhi,0.942,0.915,0.027
21,mc.lm_SMOTEB,0.942,0.931,0.011
21,mc.lm_SMOTET,0.942,0.907,0.035
21,mc.lm_SMOTETPhi,0.942,0.927,0.015
21,mc.lm_UNDERB,0.942,0.913,0.029
21,mc.lm_UNDERT,0.942,0.924,0.018
21,mc.lm_UNDERTPhi,0.942,0.909,0.033
21,mc.mars,0.940,0.761,0.179
21,mc.mars_OVERB,0.939,0.980,-0.041
21,mc.mars_OVERT,0.939,0.939,0.000
21,mc.mars_OVERTPhi,0.939,0.955,-0.016
21,mc.mars_SMOTEB,0.939,0.961,-0.023
21,mc.mars_SMOTET,0.938,0.961,-0.023
21,mc.mars_SMOTETPhi,0.942,0.954,-0.012
21,mc.mars_UNDERB,0.939,0.876,0.063
21,mc.mars_UNDERT,0.938,0.954,-0.015
21,mc.mars_UNDERTPhi,0.943,0.942,0.001
21,mc.rf,0.944,0.939,0.005
21,mc.rf_OVERB,0.943,0.892,0.051
21,mc.rf_OVERT,0.923,0.937,-0.014
21,mc.rf_OVERTPhi,0.923,0.951,-0.028
21,mc.rf_SMOTEB,0.943,0.936,0.006
21,mc.rf_SMOTET,0.942,0.930,0.011
21,mc.rf_SMOTETPhi,0.943,0.957,-0.014
21,mc.rf_UNDERB,0.928,0.928,0.000
21,mc.rf_UNDERT,0.930,0.934,-0.004
21,mc.rf_UNDERTPhi,0.942,0.949,-0.007
21,mc.rpart,0.854,0.752,0.102
21,mc.rpart_OVERB,0.898,0.929,-0.030
21,mc.rpart_OVERT,0.896,0.921,-0.024
21,mc.rpart_OVERTPhi,0.896,0.903,-0.008
21,mc.rpart_SMOTEB,0.896,0.932,-0.036
21,mc.rpart_SMOTET,0.897,0.914,-0.018
21,mc.rpart_SMOTETPhi,0.927,0.935,-0.008
21,mc.rpart_UNDERB,0.893,0.894,-0.001
21,mc.rpart_UNDERT,0.891,0.905,-0.014
21,mc.rpart_UNDERTPhi,0.927,0.957,-0.031
21,mc.svm,0.942,0.762,0.180
21,mc.svm_OVERB,0.943,0.906,0.037
21,mc.svm_OVERT,0.943,0.951,-0.008
21,mc.svm_OVERTPhi,0.943,0.966,-0.023
21,mc.svm_SMOTEB,0.943,0.935,0.008
21,mc.svm_SMOTET,0.942,0.961,-0.019
21,mc.svm_SMOTETPhi,0.944,0.956,-0.012
21,mc.svm_UNDERB,0.941,0.942,-0.001
21,mc.svm_UNDERT,0.941,0.934,0.006
21,mc.svm_UNDERTPhi,0.943,0.957,-0.014
22,mc.BDES,0.381,0.395,-0.014
22,mc.arima,0.566,0.623,-0.057
22,mc.lm,0.620,0.653,-0.032
22,mc.lm_OVERB,0.601,0.623,-0.022
22,mc.lm_OVERT,0.601,0.613,-0.012
22,mc.lm_OVERTPhi,0.602,0.597,0.006
22,mc.lm_SMOTEB,0.608,0.627,-0.019
22,mc.lm_SMOTET,0.436,0.465,-0.029
22,mc.lm_SMOTETPhi,0.428,0.481,-0.053
22,mc.lm_UNDERB,0.575,0.588,-0.013
22,mc.lm_UNDERT,0.575,0.597,-0.022
22,mc.lm_UNDERTPhi,0.553,0.566,-0.014
22,mc.mars,0.598,0.613,-0.016
22,mc.mars_OVERB,0.562,0.563,-0.001
22,mc.mars_OVERT,0.588,0.555,0.033
22,mc.mars_OVERTPhi,0.583,0.577,0.007
22,mc.mars_SMOTEB,0.572,0.580,-0.008
22,mc.mars_SMOTET,0.505,0.506,-0.001
22,mc.mars_SMOTETPhi,0.512,0.543,-0.030
22,mc.mars_UNDERB,0.574,0.578,-0.005
22,mc.mars_UNDERT,0.573,0.564,0.008
22,mc.mars_UNDERTPhi,0.578,0.598,-0.020
22,mc.rf,0.650,0.657,-0.007
22,mc.rf_OVERB,0.662,0.660,0.002
22,mc.rf_OVERT,0.658,0.653,0.004
22,mc.rf_OVERTPhi,0.658,0.671,-0.013
22,mc.rf_SMOTEB,0.642,0.659,-0.016
22,mc.rf_SMOTET,0.570,0.571,-0.001
22,mc.rf_SMOTETPhi,0.572,0.588,-0.017
22,mc.rf_UNDERB,0.641,0.644,-0.003
22,mc.rf_UNDERT,0.640,0.655,-0.015
22,mc.rf_UNDERTPhi,0.633,0.623,0.010
22,mc.rpart,0.593,0.599,-0.006
22,mc.rpart_OVERB,0.609,0.642,-0.033
22,mc.rpart_OVERT,0.618,0.633,-0.015
22,mc.rpart_OVERTPhi,0.625,0.648,-0.024
22,mc.rpart_SMOTEB,0.600,0.619,-0.018
22,mc.rpart_SMOTET,0.469,0.507,-0.038
22,mc.rpart_SMOTETPhi,0.499,0.551,-0.052
22,mc.rpart_UNDERB,0.589,0.613,-0.024
22,mc.rpart_UNDERT,0.585,0.628,-0.043
22,mc.rpart_UNDERTPhi,0.577,0.622,-0.045
22,mc.svm,0.653,0.691,-0.038
22,mc.svm_OVERB,0.507,0.555,-0.048
22,mc.svm_OVERT,0.527,0.543,-0.015
22,mc.svm_OVERTPhi,0.516,0.530,-0.013
22,mc.svm_SMOTEB,0.537,0.572,-0.035
22,mc.svm_SMOTET,0.398,0.445,-0.046
22,mc.svm_SMOTETPhi,0.409,0.465,-0.056
22,mc.svm_UNDERB,0.476,0.505,-0.030
22,mc.svm_UNDERT,0.475,0.527,-0.052
22,mc.svm_UNDERTPhi,0.477,0.510,-0.033
23,mc.BDES,0.146,0.175,-0.028
23,mc.arima,0.292,0.393,-0.101
23,mc.lm,0.282,0.393,-0.110
23,mc.lm_OVERB,0.401,0.419,-0.018
23,mc.lm_OVERT,0.389,0.412,-0.023
23,mc.lm_OVERTPhi,0.389,0.396,-0.008
23,mc.lm_SMOTEB,0.405,0.400,0.005
23,mc.lm_SMOTET,0.371,0.370,0.001
23,mc.lm_SMOTETPhi,0.371,0.377,-0.006
23,mc.lm_UNDERB,0.379,0.377,0.002
23,mc.lm_UNDERT,0.378,0.376,0.003
23,mc.lm_UNDERTPhi,0.377,0.391,-0.014
23,mc.mars,0.270,0.377,-0.107
23,mc.mars_OVERB,0.372,0.408,-0.036
23,mc.mars_OVERT,0.367,0.422,-0.055
23,mc.mars_OVERTPhi,0.369,0.412,-0.043
23,mc.mars_SMOTEB,0.373,0.395,-0.022
23,mc.mars_SMOTET,0.347,0.363,-0.015
23,mc.mars_SMOTETPhi,0.345,0.377,-0.032
23,mc.mars_UNDERB,0.405,0.419,-0.014
23,mc.mars_UNDERT,0.394,0.403,-0.009
23,mc.mars_UNDERTPhi,0.384,0.419,-0.035
23,mc.rf,0.258,0.380,-0.122
23,mc.rf_OVERB,0.341,0.466,-0.125
23,mc.rf_OVERT,0.349,0.442,-0.093
23,mc.rf_OVERTPhi,0.349,0.454,-0.105
23,mc.rf_SMOTEB,0.410,0.450,-0.040
23,mc.rf_SMOTET,0.412,0.412,-0.001
23,mc.rf_SMOTETPhi,0.400,0.488,-0.088
23,mc.rf_UNDERB,0.432,0.431,0.002
23,mc.rf_UNDERT,0.429,0.441,-0.011
23,mc.rf_UNDERTPhi,0.411,0.452,-0.041
23,mc.rpart,0.243,0.278,-0.035
23,mc.rpart_OVERB,0.368,0.461,-0.093
23,mc.rpart_OVERT,0.375,0.454,-0.079
23,mc.rpart_OVERTPhi,0.378,0.443,-0.065
23,mc.rpart_SMOTEB,0.397,0.436,-0.039
23,mc.rpart_SMOTET,0.370,0.405,-0.035
23,mc.rpart_SMOTETPhi,0.375,0.460,-0.085
23,mc.rpart_UNDERB,0.379,0.405,-0.025
23,mc.rpart_UNDERT,0.381,0.416,-0.035
23,mc.rpart_UNDERTPhi,0.373,0.452,-0.078
23,mc.svm,0.368,0.482,-0.114
23,mc.svm_OVERB,0.410,0.463,-0.054
23,mc.svm_OVERT,0.402,0.445,-0.043
23,mc.svm_OVERTPhi,0.402,0.452,-0.050
23,mc.svm_SMOTEB,0.410,0.426,-0.016
23,mc.svm_SMOTET,0.400,0.392,0.008
23,mc.svm_SMOTETPhi,0.395,0.403,-0.008
23,mc.svm_UNDERB,0.439,0.472,-0.034
23,mc.svm_UNDERT,0.434,0.480,-0.046
23,mc.svm_UNDERTPhi,0.428,0.486,-0.058
24,mc.BDES,0.200,0.279,-0.079
24,mc.arima,0.766,0.787,-0.021
24,mc.lm,0.751,0.779,-0.028
24,mc.lm_OVERB,0.810,0.817,-0.007
24,mc.lm_OVERT,0.804,0.802,0.003
24,mc.lm_OVERTPhi,0.804,0.786,0.018
24,mc.lm_SMOTEB,0.810,0.811,-0.000
24,mc.lm_SMOTET,0.796,0.774,0.022
24,mc.lm_SMOTETPhi,0.789,0.800,-0.010
24,mc.lm_UNDERB,0.801,0.814,-0.012
24,mc.lm_UNDERT,0.804,0.791,0.013
24,mc.lm_UNDERTPhi,0.805,0.800,0.005
24,mc.mars,0.829,0.809,0.020
24,mc.mars_OVERB,0.765,0.756,0.010
24,mc.mars_OVERT,0.776,0.765,0.011
24,mc.mars_OVERTPhi,0.774,0.741,0.033
24,mc.mars_SMOTEB,0.798,0.789,0.010
24,mc.mars_SMOTET,0.763,0.746,0.017
24,mc.mars_SMOTETPhi,0.650,0.649,0.001
24,mc.mars_UNDERB,0.756,0.743,0.013
24,mc.mars_UNDERT,0.762,0.753,0.009
24,mc.mars_UNDERTPhi,0.634,0.591,0.043
24,mc.rf,0.783,0.780,0.002
24,mc.rf_OVERB,0.756,0.782,-0.026
24,mc.rf_OVERT,0.774,0.773,0.001
24,mc.rf_OVERTPhi,0.774,0.784,-0.010
24,mc.rf_SMOTEB,0.806,0.789,0.017
24,mc.rf_SMOTET,0.775,0.758,0.017
24,mc.rf_SMOTETPhi,0.624,0.623,0.001
24,mc.rf_UNDERB,0.776,0.778,-0.002
24,mc.rf_UNDERT,0.776,0.768,0.008
24,mc.rf_UNDERTPhi,0.625,0.646,-0.021
24,mc.rpart,0.665,0.704,-0.040
24,mc.rpart_OVERB,0.803,0.790,0.013
24,mc.rpart_OVERT,0.799,0.782,0.017
24,mc.rpart_OVERTPhi,0.796,0.770,0.026
24,mc.rpart_SMOTEB,0.774,0.760,0.014
24,mc.rpart_SMOTET,0.732,0.725,0.007
24,mc.rpart_SMOTETPhi,0.644,0.638,0.006
24,mc.rpart_UNDERB,0.735,0.715,0.021
24,mc.rpart_UNDERT,0.731,0.724,0.007
24,mc.rpart_UNDERTPhi,0.631,0.630,0.001
24,mc.svm,0.835,0.820,0.015
24,mc.svm_OVERB,0.814,0.789,0.025
24,mc.svm_OVERT,0.804,0.775,0.029
24,mc.svm_OVERTPhi,0.802,0.800,0.002
24,mc.svm_SMOTEB,0.824,0.811,0.013
24,mc.svm_SMOTET,0.810,0.797,0.014
24,mc.svm_SMOTETPhi,0.714,0.700,0.013
24,mc.svm_UNDERB,0.818,0.822,-0.004
24,mc.svm_UNDERT,0.818,0.812,0.006
24,mc.svm_UNDERTPhi,0.754,0.735,0.019
