ds,workflow,model,python_cluster,relatorio,desvio
20,mc.lm,lm,0.0000,0.0000,0.0000
20,mc.lm_UNDERB,lm,0.3641,0.0000,0.3641
20,mc.lm_UNDERT,lm,0.3558,0.2224,0.1334
20,mc.lm_UNDERTPhi,lm,0.3508,0.0000,0.3508
20,mc.lm_OVERB,lm,0.3364,0.3348,0.0016
20,mc.lm_OVERT,lm,0.3082,0.1448,0.1634
20,mc.lm_OVERTPhi,lm,0.3093,0.1389,0.1704
20,mc.lm_SMOTEB,lm,0.3554,0.2860,0.0694
20,mc.lm_SMOTET,lm,0.3590,0.1785,0.1805
20,mc.lm_SMOTETPhi,lm,0.3498,0.4142,-0.0644
20,mc.mars,mars,0.2081,0.1115,0.0966
20,mc.mars_UNDERB,mars,0.0475,0.2432,-0.1957
20,mc.mars_UNDERT,mars,0.0589,0.2468,-0.1879
20,mc.mars_UNDERTPhi,mars,0.0621,0.2449,-0.1828
20,mc.mars_OVERB,mars,0.3551,0.2927,0.0624
20,mc.mars_OVERT,mars,0.3535,0.2802,0.0733
20,mc.mars_OVERTPhi,mars,0.3410,0.2815,0.0595
20,mc.mars_SMOTEB,mars,0.3203,0.3429,-0.0226
20,mc.mars_SMOTET,mars,0.3396,0.3406,-0.0010
20,mc.mars_SMOTETPhi,mars,0.3237,0.3460,-0.0223
20,mc.rf,rf,0.0000,0.0000,0.0000
20,mc.rf_UNDERB,rf,0.0910,0.3534,-0.2624
20,mc.rf_UNDERT,rf,0.0898,0.3556,-0.2658
20,mc.rf_UNDERTPhi,rf,0.1629,0.3517,-0.1888
20,mc.rf_OVERB,rf,0.1015,0.3374,-0.2359
20,mc.rf_OVERT,rf,0.0850,0.3233,-0.2383
20,mc.rf_OVERTPhi,rf,0.0745,0.3206,-0.2461
20,mc.rf_SMOTEB,rf,0.3751,0.3536,0.0215
20,mc.rf_SMOTET,rf,0.3191,0.3653,-0.0462
20,mc.rf_SMOTETPhi,rf,0.3477,0.3599,-0.0122
20,mc.rpart,rpart,0.3490,0.2224,0.1266
20,mc.rpart_UNDERB,rpart,0.3219,0.0536,0.2683
20,mc.rpart_UNDERT,rpart,0.3481,0.0776,0.2705
20,mc.rpart_UNDERTPhi,rpart,0.3486,0.0737,0.2749
20,mc.rpart_OVERB,rpart,0.3689,0.3635,0.0054
20,mc.rpart_OVERT,rpart,0.3655,0.3625,0.0030
20,mc.rpart_OVERTPhi,rpart,0.3606,0.3721,-0.0115
20,mc.rpart_SMOTEB,rpart,0.3419,0.3214,0.0205
20,mc.rpart_SMOTET,rpart,0.3392,0.3377,0.0015
20,mc.rpart_SMOTETPhi,rpart,0.3584,0.3405,0.0179
20,mc.svm,svm,0.1976,0.0000,0.1976
20,mc.svm_UNDERB,svm,0.3137,0.0951,0.2186
20,mc.svm_UNDERT,svm,0.2824,0.1021,0.1803
20,mc.svm_UNDERTPhi,svm,0.3136,0.1489,0.1647
20,mc.svm_OVERB,svm,0.3279,0.0520,0.2759
20,mc.svm_OVERT,svm,0.3166,0.0775,0.2391
20,mc.svm_OVERTPhi,svm,0.3287,0.0685,0.2602
20,mc.svm_SMOTEB,svm,0.3049,0.3783,-0.0734
20,mc.svm_SMOTET,svm,0.3229,0.3356,-0.0127
20,mc.svm_SMOTETPhi,svm,0.3443,0.3741,-0.0298
1,mc.lm,lm,0.0000,0.0000,0.0000
1,mc.lm_UNDERB,lm,0.5338,0.5273,0.0065
1,mc.lm_UNDERT,lm,0.5291,0.5290,0.0001
1,mc.lm_UNDERTPhi,lm,0.5264,0.5229,0.0035
1,mc.lm_OVERB,lm,0.5348,0.5307,0.0041
1,mc.lm_OVERT,lm,0.5449,0.5389,0.0060
1,mc.lm_OVERTPhi,lm,0.5428,0.5394,0.0034
1,mc.lm_SMOTEB,lm,0.5178,0.5079,0.0099
1,mc.lm_SMOTET,lm,0.5077,0.5046,0.0031
1,mc.lm_SMOTETPhi,lm,0.5104,0.5037,0.0067
1,mc.mars,mars,0.2308,0.2678,-0.0370
1,mc.mars_UNDERB,mars,0.4891,0.4883,0.0008
1,mc.mars_UNDERT,mars,0.4894,0.4737,0.0157
1,mc.mars_UNDERTPhi,mars,0.5155,0.4934,0.0221
1,mc.mars_OVERB,mars,0.5147,0.4970,0.0177
1,mc.mars_OVERT,mars,0.5094,0.4976,0.0118
1,mc.mars_OVERTPhi,mars,0.5091,0.5004,0.0087
1,mc.mars_SMOTEB,mars,0.4951,0.4926,0.0025
1,mc.mars_SMOTET,mars,0.5184,0.4972,0.0212
1,mc.mars_SMOTETPhi,mars,0.5115,0.5031,0.0084
1,mc.rf,rf,0.0062,0.0108,-0.0046
1,mc.rf_UNDERB,rf,0.2747,0.2763,-0.0016
1,mc.rf_UNDERT,rf,0.2155,0.2870,-0.0715
1,mc.rf_UNDERTPhi,rf,0.3397,0.4033,-0.0636
1,mc.rf_OVERB,rf,0.2012,0.2153,-0.0141
1,mc.rf_OVERT,rf,0.1724,0.1698,0.0026
1,mc.rf_OVERTPhi,rf,0.1918,0.1599,0.0319
1,mc.rf_SMOTEB,rf,0.4718,0.4704,0.0014
1,mc.rf_SMOTET,rf,0.4921,0.5052,-0.0131
1,mc.rf_SMOTETPhi,rf,0.4973,0.4973,-0.0000
1,mc.rpart,rpart,0.4321,0.4320,0.0001
1,mc.rpart_UNDERB,rpart,0.4707,0.4574,0.0133
1,mc.rpart_UNDERT,rpart,0.4673,0.4596,0.0077
1,mc.rpart_UNDERTPhi,rpart,0.4600,0.4648,-0.0048
1,mc.rpart_OVERB,rpart,0.4566,0.4527,0.0039
1,mc.rpart_OVERT,rpart,0.4481,0.4472,0.0009
1,mc.rpart_OVERTPhi,rpart,0.4503,0.4500,0.0003
1,mc.rpart_SMOTEB,rpart,0.4673,0.4585,0.0088
1,mc.rpart_SMOTET,rpart,0.4650,0.4650,-0.0000
1,mc.rpart_SMOTETPhi,rpart,0.4675,0.4626,0.0049
1,mc.svm,svm,0.4135,0.4288,-0.0153
1,mc.svm_UNDERB,svm,0.4494,0.4438,0.0056
1,mc.svm_UNDERT,svm,0.4622,0.4653,-0.0031
1,mc.svm_UNDERTPhi,svm,0.4712,0.4768,-0.0056
1,mc.svm_OVERB,svm,0.4508,0.4514,-0.0006
1,mc.svm_OVERT,svm,0.4463,0.4480,-0.0017
1,mc.svm_OVERTPhi,svm,0.4518,0.4472,0.0046
1,mc.svm_SMOTEB,svm,0.4392,0.4418,-0.0026
1,mc.svm_SMOTET,svm,0.4464,0.4544,-0.0080
1,mc.svm_SMOTETPhi,svm,0.4556,0.4439,0.0117
2,mc.lm,lm,0.0000,0.0000,0.0000
2,mc.lm_UNDERB,lm,0.5912,0.5947,-0.0035
2,mc.lm_UNDERT,lm,0.5903,0.5943,-0.0040
2,mc.lm_UNDERTPhi,lm,0.5910,0.5897,0.0013
2,mc.lm_OVERB,lm,0.6012,0.5942,0.0070
2,mc.lm_OVERT,lm,0.5868,0.5827,0.0041
2,mc.lm_OVERTPhi,lm,0.5880,0.5844,0.0036
2,mc.lm_SMOTEB,lm,0.5711,0.5683,0.0028
2,mc.lm_SMOTET,lm,0.5585,0.5563,0.0022
2,mc.lm_SMOTETPhi,lm,0.5603,0.5584,0.0019
2,mc.mars,mars,0.1266,0.1258,0.0008
2,mc.mars_UNDERB,mars,0.5173,0.5129,0.0044
2,mc.mars_UNDERT,mars,0.5082,0.4878,0.0204
2,mc.mars_UNDERTPhi,mars,0.4881,0.4893,-0.0012
2,mc.mars_OVERB,mars,0.4998,0.5121,-0.0123
2,mc.mars_OVERT,mars,0.5011,0.5121,-0.0110
2,mc.mars_OVERTPhi,mars,0.5091,0.5088,0.0003
2,mc.mars_SMOTEB,mars,0.4891,0.4887,0.0004
2,mc.mars_SMOTET,mars,0.4940,0.5017,-0.0077
2,mc.mars_SMOTETPhi,mars,0.5006,0.4962,0.0044
2,mc.rf,rf,0.0000,0.0000,0.0000
2,mc.rf_UNDERB,rf,0.2914,0.3506,-0.0592
2,mc.rf_UNDERT,rf,0.3197,0.3610,-0.0413
2,mc.rf_UNDERTPhi,rf,0.3373,0.3597,-0.0224
2,mc.rf_OVERB,rf,0.2374,0.1946,0.0428
2,mc.rf_OVERT,rf,0.1878,0.1094,0.0784
2,mc.rf_OVERTPhi,rf,0.1614,0.1293,0.0321
2,mc.rf_SMOTEB,rf,0.4888,0.4786,0.0102
2,mc.rf_SMOTET,rf,0.5035,0.4970,0.0065
2,mc.rf_SMOTETPhi,rf,0.5056,0.5040,0.0016
2,mc.rpart,rpart,0.4588,0.4426,0.0162
2,mc.rpart_UNDERB,rpart,0.4423,0.4396,0.0027
2,mc.rpart_UNDERT,rpart,0.4309,0.4376,-0.0067
2,mc.rpart_UNDERTPhi,rpart,0.4371,0.4354,0.0017
2,mc.rpart_OVERB,rpart,0.4180,0.4230,-0.0050
2,mc.rpart_OVERT,rpart,0.4343,0.4358,-0.0015
2,mc.rpart_OVERTPhi,rpart,0.4395,0.4483,-0.0088
2,mc.rpart_SMOTEB,rpart,0.4409,0.4396,0.0013
2,mc.rpart_SMOTET,rpart,0.4549,0.4490,0.0059
2,mc.rpart_SMOTETPhi,rpart,0.4510,0.4594,-0.0084
2,mc.svm,svm,0.1995,0.2462,-0.0467
2,mc.svm_UNDERB,svm,0.4780,0.4718,0.0062
2,mc.svm_UNDERT,svm,0.4781,0.4772,0.0009
2,mc.svm_UNDERTPhi,svm,0.4969,0.4848,0.0121
2,mc.svm_OVERB,svm,0.5041,0.5128,-0.0087
2,mc.svm_OVERT,svm,0.4816,0.4878,-0.0062
2,mc.svm_OVERTPhi,svm,0.4828,0.4866,-0.0038
2,mc.svm_SMOTEB,svm,0.4772,0.4719,0.0053
2,mc.svm_SMOTET,svm,0.4971,0.4910,0.0061
2,mc.svm_SMOTETPhi,svm,0.4954,0.4875,0.0079
3,mc.lm,lm,0.1000,0.0861,0.0139
3,mc.lm_UNDERB,lm,0.6054,0.6042,0.0012
3,mc.lm_UNDERT,lm,0.6068,0.6084,-0.0016
3,mc.lm_UNDERTPhi,lm,0.6018,0.5918,0.0100
3,mc.lm_OVERB,lm,0.6317,0.6288,0.0029
3,mc.lm_OVERT,lm,0.6484,0.6400,0.0084
3,mc.lm_OVERTPhi,lm,0.6465,0.6430,0.0035
3,mc.lm_SMOTEB,lm,0.5976,0.5876,0.0100
3,mc.lm_SMOTET,lm,0.5750,0.5731,0.0019
3,mc.lm_SMOTETPhi,lm,0.5761,0.5716,0.0045
3,mc.mars,mars,0.0937,0.0545,0.0392
3,mc.mars_UNDERB,mars,0.5189,0.5172,0.0017
3,mc.mars_UNDERT,mars,0.5341,0.5251,0.0090
3,mc.mars_UNDERTPhi,mars,0.5338,0.5187,0.0151
3,mc.mars_OVERB,mars,0.5758,0.5700,0.0058
3,mc.mars_OVERT,mars,0.5609,0.5574,0.0035
3,mc.mars_OVERTPhi,mars,0.5675,0.5596,0.0079
3,mc.mars_SMOTEB,mars,0.5618,0.5597,0.0021
3,mc.mars_SMOTET,mars,0.5477,0.5470,0.0007
3,mc.mars_SMOTETPhi,mars,0.5593,0.5527,0.0066
3,mc.rf,rf,0.0000,0.0089,-0.0089
3,mc.rf_UNDERB,rf,0.4154,0.4762,-0.0608
3,mc.rf_UNDERT,rf,0.3862,0.4391,-0.0529
3,mc.rf_UNDERTPhi,rf,0.4294,0.4700,-0.0406
3,mc.rf_OVERB,rf,0.3081,0.2052,0.1029
3,mc.rf_OVERT,rf,0.1960,0.1291,0.0669
3,mc.rf_OVERTPhi,rf,0.1679,0.1523,0.0156
3,mc.rf_SMOTEB,rf,0.5077,0.5103,-0.0026
3,mc.rf_SMOTET,rf,0.4777,0.4629,0.0148
3,mc.rf_SMOTETPhi,rf,0.4811,0.4790,0.0021
3,mc.rpart,rpart,0.5153,0.4952,0.0201
3,mc.rpart_UNDERB,rpart,0.4986,0.4920,0.0066
3,mc.rpart_UNDERT,rpart,0.4822,0.4935,-0.0113
3,mc.rpart_UNDERTPhi,rpart,0.5036,0.4791,0.0245
3,mc.rpart_OVERB,rpart,0.4708,0.4822,-0.0114
3,mc.rpart_OVERT,rpart,0.4459,0.4664,-0.0205
3,mc.rpart_OVERTPhi,rpart,0.4658,0.4640,0.0018
3,mc.rpart_SMOTEB,rpart,0.4840,0.4828,0.0012
3,mc.rpart_SMOTET,rpart,0.4612,0.4446,0.0166
3,mc.rpart_SMOTETPhi,rpart,0.4682,0.4566,0.0116
3,mc.svm,svm,0.5223,0.4973,0.0250
3,mc.svm_UNDERB,svm,0.5017,0.4955,0.0062
3,mc.svm_UNDERT,svm,0.4937,0.4940,-0.0003
3,mc.svm_UNDERTPhi,svm,0.4900,0.4892,0.0008
3,mc.svm_OVERB,svm,0.5195,0.5102,0.0093
3,mc.svm_OVERT,svm,0.5249,0.5176,0.0073
3,mc.svm_OVERTPhi,svm,0.5278,0.5177,0.0101
3,mc.svm_SMOTEB,svm,0.4955,0.4850,0.0105
3,mc.svm_SMOTET,svm,0.5104,0.4860,0.0244
3,mc.svm_SMOTETPhi,svm,0.4886,0.4814,0.0072
4,mc.lm,lm,0.5767,0.5887,-0.0120
4,mc.lm_UNDERB,lm,0.5509,0.5528,-0.0019
4,mc.lm_UNDERT,lm,0.5510,0.5612,-0.0102
4,mc.lm_UNDERTPhi,lm,0.5359,0.5428,-0.0069
4,mc.lm_OVERB,lm,0.5625,0.5751,-0.0126
4,mc.lm_OVERT,lm,0.5555,0.5680,-0.0125
4,mc.lm_OVERTPhi,lm,0.5567,0.5683,-0.0116
4,mc.lm_SMOTEB,lm,0.5414,0.5478,-0.0064
4,mc.lm_SMOTET,lm,0.5535,0.5616,-0.0081
4,mc.lm_SMOTETPhi,lm,0.5420,0.5509,-0.0089
4,mc.mars,mars,0.5124,0.5229,-0.0105
4,mc.mars_UNDERB,mars,0.4599,0.4622,-0.0023
4,mc.mars_UNDERT,mars,0.4630,0.4751,-0.0121
4,mc.mars_UNDERTPhi,mars,0.4590,0.4674,-0.0084
4,mc.mars_OVERB,mars,0.4851,0.4865,-0.0014
4,mc.mars_OVERT,mars,0.5063,0.5092,-0.0029
4,mc.mars_OVERTPhi,mars,0.5021,0.5074,-0.0053
4,mc.mars_SMOTEB,mars,0.4911,0.4873,0.0038
4,mc.mars_SMOTET,mars,0.5015,0.5067,-0.0052
4,mc.mars_SMOTETPhi,mars,0.4969,0.5040,-0.0071
4,mc.rf,rf,0.5630,0.5726,-0.0096
4,mc.rf_UNDERB,rf,0.5502,0.5633,-0.0131
4,mc.rf_UNDERT,rf,0.5560,0.5662,-0.0102
4,mc.rf_UNDERTPhi,rf,0.5524,0.5630,-0.0106
4,mc.rf_OVERB,rf,0.5672,0.5833,-0.0161
4,mc.rf_OVERT,rf,0.5666,0.5783,-0.0117
4,mc.rf_OVERTPhi,rf,0.5667,0.5800,-0.0133
4,mc.rf_SMOTEB,rf,0.5522,0.5603,-0.0081
4,mc.rf_SMOTET,rf,0.5600,0.5717,-0.0117
4,mc.rf_SMOTETPhi,rf,0.5479,0.5617,-0.0138
4,mc.rpart,rpart,0.5329,0.5205,0.0124
4,mc.rpart_UNDERB,rpart,0.5629,0.5851,-0.0222
4,mc.rpart_UNDERT,rpart,0.5752,0.5848,-0.0096
4,mc.rpart_UNDERTPhi,rpart,0.5641,0.5873,-0.0232
4,mc.rpart_OVERB,rpart,0.5928,0.6020,-0.0092
4,mc.rpart_OVERT,rpart,0.5852,0.5934,-0.0082
4,mc.rpart_OVERTPhi,rpart,0.5881,0.5922,-0.0041
4,mc.rpart_SMOTEB,rpart,0.5749,0.5853,-0.0104
4,mc.rpart_SMOTET,rpart,0.5615,0.5744,-0.0129
4,mc.rpart_SMOTETPhi,rpart,0.5667,0.5730,-0.0063
4,mc.svm,svm,0.5496,0.5599,-0.0103
4,mc.svm_UNDERB,svm,0.4471,0.4496,-0.0025
4,mc.svm_UNDERT,svm,0.4600,0.4525,0.0075
4,mc.svm_UNDERTPhi,svm,0.4534,0.4571,-0.0037
4,mc.svm_OVERB,svm,0.4429,0.4435,-0.0006
4,mc.svm_OVERT,svm,0.4364,0.4372,-0.0008
4,mc.svm_OVERTPhi,svm,0.4343,0.4350,-0.0007
4,mc.svm_SMOTEB,svm,0.4216,0.4238,-0.0022
4,mc.svm_SMOTET,svm,0.4484,0.4516,-0.0032
4,mc.svm_SMOTETPhi,svm,0.4352,0.4424,-0.0072
5,mc.lm,lm,0.3447,0.3457,-0.0010
5,mc.lm_UNDERB,lm,0.4870,0.4866,0.0004
5,mc.lm_UNDERT,lm,0.4868,0.4875,-0.0007
5,mc.lm_UNDERTPhi,lm,0.4918,0.4923,-0.0005
5,mc.lm_OVERB,lm,0.4811,0.4813,-0.0002
5,mc.lm_OVERT,lm,0.4780,0.4779,0.0001
5,mc.lm_OVERTPhi,lm,0.4777,0.4779,-0.0002
5,mc.lm_SMOTEB,lm,0.4950,0.4950,0.0000
5,mc.lm_SMOTET,lm,0.4917,0.4945,-0.0028
5,mc.lm_SMOTETPhi,lm,0.4923,0.4947,-0.0024
5,mc.mars,mars,0.4114,0.4172,-0.0058
5,mc.mars_UNDERB,mars,0.5139,0.5067,0.0072
5,mc.mars_UNDERT,mars,0.5130,0.5115,0.0015
5,mc.mars_UNDERTPhi,mars,0.5156,0.5167,-0.0011
5,mc.mars_OVERB,mars,0.4965,0.4960,0.0005
5,mc.mars_OVERT,mars,0.4877,0.4930,-0.0053
5,mc.mars_OVERTPhi,mars,0.4970,0.4930,0.0040
5,mc.mars_SMOTEB,mars,0.5020,0.5023,-0.0003
5,mc.mars_SMOTET,mars,0.5099,0.5046,0.0053
5,mc.mars_SMOTETPhi,mars,0.5068,0.5087,-0.0019
5,mc.rf,rf,0.4182,0.4205,-0.0023
5,mc.rf_UNDERB,rf,0.5536,0.5550,-0.0014
5,mc.rf_UNDERT,rf,0.5537,0.5532,0.0005
5,mc.rf_UNDERTPhi,rf,0.5521,0.5513,0.0008
5,mc.rf_OVERB,rf,0.4524,0.4516,0.0008
5,mc.rf_OVERT,rf,0.4524,0.4548,-0.0024
5,mc.rf_OVERTPhi,rf,0.4545,0.4548,-0.0003
5,mc.rf_SMOTEB,rf,0.5196,0.5181,0.0015
5,mc.rf_SMOTET,rf,0.5037,0.5032,0.0005
5,mc.rf_SMOTETPhi,rf,0.5082,0.5048,0.0034
5,mc.rpart,rpart,0.3913,0.4098,-0.0185
5,mc.rpart_UNDERB,rpart,0.5191,0.5195,-0.0004
5,mc.rpart_UNDERT,rpart,0.5183,0.5195,-0.0012
5,mc.rpart_UNDERTPhi,rpart,0.5185,0.5165,0.0020
5,mc.rpart_OVERB,rpart,0.5377,0.5363,0.0014
5,mc.rpart_OVERT,rpart,0.5321,0.5315,0.0006
5,mc.rpart_OVERTPhi,rpart,0.5305,0.5315,-0.0010
5,mc.rpart_SMOTEB,rpart,0.5207,0.5202,0.0005
5,mc.rpart_SMOTET,rpart,0.5062,0.5071,-0.0009
5,mc.rpart_SMOTETPhi,rpart,0.5087,0.5085,0.0002
5,mc.svm,svm,0.4025,0.4050,-0.0025
5,mc.svm_UNDERB,svm,0.5251,0.5254,-0.0003
5,mc.svm_UNDERT,svm,0.5235,0.5221,0.0014
5,mc.svm_UNDERTPhi,svm,0.5270,0.5248,0.0022
5,mc.svm_OVERB,svm,0.5246,0.5010,0.0236
5,mc.svm_OVERT,svm,0.5142,0.4901,0.0241
5,mc.svm_OVERTPhi,svm,0.5134,0.4901,0.0233
5,mc.svm_SMOTEB,svm,0.5173,0.5166,0.0007
5,mc.svm_SMOTET,svm,0.5137,0.5124,0.0013
5,mc.svm_SMOTETPhi,svm,0.5140,0.5142,-0.0002
6,mc.lm,lm,0.0000,0.0000,0.0000
6,mc.lm_UNDERB,lm,0.4319,0.4314,0.0005
6,mc.lm_UNDERT,lm,0.4310,0.4299,0.0011
6,mc.lm_UNDERTPhi,lm,0.4369,0.4378,-0.0009
6,mc.lm_OVERB,lm,0.4318,0.4325,-0.0007
6,mc.lm_OVERT,lm,0.4337,0.4323,0.0014
6,mc.lm_OVERTPhi,lm,0.4356,0.4336,0.0020
6,mc.lm_SMOTEB,lm,0.4479,0.4465,0.0014
6,mc.lm_SMOTET,lm,0.4478,0.4470,0.0008
6,mc.lm_SMOTETPhi,lm,0.4490,0.4484,0.0006
6,mc.mars,mars,0.2122,0.2071,0.0051
6,mc.mars_UNDERB,mars,0.4448,0.4422,0.0026
6,mc.mars_UNDERT,mars,0.4431,0.4443,-0.0012
6,mc.mars_UNDERTPhi,mars,0.4484,0.4487,-0.0003
6,mc.mars_OVERB,mars,0.4457,0.4449,0.0008
6,mc.mars_OVERT,mars,0.4403,0.4400,0.0003
6,mc.mars_OVERTPhi,mars,0.4417,0.4378,0.0039
6,mc.mars_SMOTEB,mars,0.4611,0.4593,0.0018
6,mc.mars_SMOTET,mars,0.4517,0.4506,0.0011
6,mc.mars_SMOTETPhi,mars,0.4558,0.4528,0.0030
6,mc.rf,rf,0.1107,0.1315,-0.0208
6,mc.rf_UNDERB,rf,0.4833,0.4781,0.0052
6,mc.rf_UNDERT,rf,0.4823,0.4790,0.0033
6,mc.rf_UNDERTPhi,rf,0.4856,0.4827,0.0029
6,mc.rf_OVERB,rf,0.3935,0.3894,0.0041
6,mc.rf_OVERT,rf,0.3707,0.3753,-0.0046
6,mc.rf_OVERTPhi,rf,0.3762,0.3791,-0.0029
6,mc.rf_SMOTEB,rf,0.4741,0.4705,0.0036
6,mc.rf_SMOTET,rf,0.4610,0.4594,0.0016
6,mc.rf_SMOTETPhi,rf,0.4672,0.4632,0.0040
6,mc.rpart,rpart,0.3824,0.3891,-0.0067
6,mc.rpart_UNDERB,rpart,0.4297,0.4322,-0.0025
6,mc.rpart_UNDERT,rpart,0.4321,0.4312,0.0009
6,mc.rpart_UNDERTPhi,rpart,0.4434,0.4423,0.0011
6,mc.rpart_OVERB,rpart,0.4385,0.4361,0.0024
6,mc.rpart_OVERT,rpart,0.4323,0.4354,-0.0031
6,mc.rpart_OVERTPhi,rpart,0.4352,0.4353,-0.0001
6,mc.rpart_SMOTEB,rpart,0.4562,0.4534,0.0028
6,mc.rpart_SMOTET,rpart,0.4405,0.4394,0.0011
6,mc.rpart_SMOTETPhi,rpart,0.4514,0.4489,0.0025
6,mc.svm,svm,0.3483,0.3458,0.0025
6,mc.svm_UNDERB,svm,0.4440,0.4449,-0.0009
6,mc.svm_UNDERT,svm,0.4449,0.4470,-0.0021
6,mc.svm_UNDERTPhi,svm,0.4655,0.4650,0.0005
6,mc.svm_OVERB,svm,0.4539,0.4452,0.0087
6,mc.svm_OVERT,svm,0.4394,0.4359,0.0035
6,mc.svm_OVERTPhi,svm,0.4406,0.4363,0.0043
6,mc.svm_SMOTEB,svm,0.4669,0.4669,-0.0000
6,mc.svm_SMOTET,svm,0.4523,0.4533,-0.0010
6,mc.svm_SMOTETPhi,svm,0.4560,0.4553,0.0007
7,mc.lm,lm,0.5415,0.5369,0.0046
7,mc.lm_UNDERB,lm,0.5385,0.5380,0.0005
7,mc.lm_UNDERT,lm,0.5383,0.5378,0.0005
7,mc.lm_UNDERTPhi,lm,0.5402,0.5398,0.0004
7,mc.lm_OVERB,lm,0.5374,0.5361,0.0013
7,mc.lm_OVERT,lm,0.5369,0.5356,0.0013
7,mc.lm_OVERTPhi,lm,0.5373,0.5366,0.0007
7,mc.lm_SMOTEB,lm,0.5479,0.5470,0.0009
7,mc.lm_SMOTET,lm,0.5529,0.5522,0.0007
7,mc.lm_SMOTETPhi,lm,0.5532,0.5524,0.0008
7,mc.mars,mars,0.4764,0.4760,0.0004
7,mc.mars_UNDERB,mars,0.5352,0.5328,0.0024
7,mc.mars_UNDERT,mars,0.5334,0.5336,-0.0002
7,mc.mars_UNDERTPhi,mars,0.5396,0.5396,0.0000
7,mc.mars_OVERB,mars,0.5348,0.5329,0.0019
7,mc.mars_OVERT,mars,0.5340,0.5323,0.0017
7,mc.mars_OVERTPhi,mars,0.5345,0.5326,0.0019
7,mc.mars_SMOTEB,mars,0.5467,0.5457,0.0010
7,mc.mars_SMOTET,mars,0.5501,0.5493,0.0008
7,mc.mars_SMOTETPhi,mars,0.5504,0.5488,0.0016
7,mc.rf,rf,0.5075,0.5083,-0.0008
7,mc.rf_UNDERB,rf,0.5636,0.5600,0.0036
7,mc.rf_UNDERT,rf,0.5629,0.5604,0.0025
7,mc.rf_UNDERTPhi,rf,0.5701,0.5669,0.0032
7,mc.rf_OVERB,rf,0.5216,0.5077,0.0139
7,mc.rf_OVERT,rf,0.5228,0.5075,0.0153
7,mc.rf_OVERTPhi,rf,0.5212,0.5086,0.0126
7,mc.rf_SMOTEB,rf,0.5437,0.5417,0.0020
7,mc.rf_SMOTET,rf,0.5446,0.5420,0.0026
7,mc.rf_SMOTETPhi,rf,0.5524,0.5493,0.0031
7,mc.rpart,rpart,0.5133,0.5096,0.0037
7,mc.rpart_UNDERB,rpart,0.5298,0.5212,0.0086
7,mc.rpart_UNDERT,rpart,0.5276,0.5219,0.0057
7,mc.rpart_UNDERTPhi,rpart,0.5404,0.5331,0.0073
7,mc.rpart_OVERB,rpart,0.5163,0.5037,0.0126
7,mc.rpart_OVERT,rpart,0.5087,0.5056,0.0031
7,mc.rpart_OVERTPhi,rpart,0.5060,0.5014,0.0046
7,mc.rpart_SMOTEB,rpart,0.5221,0.5206,0.0015
7,mc.rpart_SMOTET,rpart,0.5023,0.5016,0.0007
7,mc.rpart_SMOTETPhi,rpart,0.5117,0.5096,0.0021
7,mc.svm,svm,0.4561,0.4573,-0.0012
7,mc.svm_UNDERB,svm,0.5143,0.5135,0.0008
7,mc.svm_UNDERT,svm,0.5125,0.5103,0.0022
7,mc.svm_UNDERTPhi,svm,0.5288,0.5266,0.0022
7,mc.svm_OVERB,svm,0.5061,0.4979,0.0082
7,mc.svm_OVERT,svm,0.5002,0.4871,0.0131
7,mc.svm_OVERTPhi,svm,0.4996,0.4867,0.0129
7,mc.svm_SMOTEB,svm,0.5104,0.5111,-0.0007
7,mc.svm_SMOTET,svm,0.5091,0.5077,0.0014
7,mc.svm_SMOTETPhi,svm,0.5078,0.5066,0.0012
8,mc.lm,lm,0.5026,0.5009,0.0017
8,mc.lm_UNDERB,lm,0.4944,0.4921,0.0023
8,mc.lm_UNDERT,lm,0.4973,0.4953,0.0020
8,mc.lm_UNDERTPhi,lm,0.4981,0.4966,0.0015
8,mc.lm_OVERB,lm,0.4795,0.4775,0.0020
8,mc.lm_OVERT,lm,0.4834,0.4816,0.0018
8,mc.lm_OVERTPhi,lm,0.4828,0.4811,0.0017
8,mc.lm_SMOTEB,lm,0.4755,0.4737,0.0018
8,mc.lm_SMOTET,lm,0.4891,0.4879,0.0012
8,mc.lm_SMOTETPhi,lm,0.4809,0.4797,0.0012
8,mc.mars,mars,0.5874,0.5826,0.0048
8,mc.mars_UNDERB,mars,0.6385,0.6388,-0.0003
8,mc.mars_UNDERT,mars,0.6433,0.6395,0.0038
8,mc.mars_UNDERTPhi,mars,0.6549,0.6465,0.0084
8,mc.mars_OVERB,mars,0.6576,0.6426,0.0150
8,mc.mars_OVERT,mars,0.6515,0.6463,0.0052
8,mc.mars_OVERTPhi,mars,0.6510,0.6428,0.0082
8,mc.mars_SMOTEB,mars,0.6628,0.6534,0.0094
8,mc.mars_SMOTET,mars,0.5864,0.5866,-0.0002
8,mc.mars_SMOTETPhi,mars,0.6108,0.6057,0.0051
8,mc.rf,rf,0.6982,0.6928,0.0054
8,mc.rf_UNDERB,rf,0.7154,0.7104,0.0050
8,mc.rf_UNDERT,rf,0.7144,0.7117,0.0027
8,mc.rf_UNDERTPhi,rf,0.7142,0.7118,0.0024
8,mc.rf_OVERB,rf,0.7113,0.7064,0.0049
8,mc.rf_OVERT,rf,0.7122,0.7072,0.0050
8,mc.rf_OVERTPhi,rf,0.7114,0.7069,0.0045
8,mc.rf_SMOTEB,rf,0.7205,0.7164,0.0041
8,mc.rf_SMOTET,rf,0.7122,0.7099,0.0023
8,mc.rf_SMOTETPhi,rf,0.7119,0.7077,0.0042
8,mc.rpart,rpart,0.6428,0.6398,0.0030
8,mc.rpart_UNDERB,rpart,0.6604,0.6550,0.0054
8,mc.rpart_UNDERT,rpart,0.6612,0.6569,0.0043
8,mc.rpart_UNDERTPhi,rpart,0.6553,0.6489,0.0064
8,mc.rpart_OVERB,rpart,0.6666,0.6581,0.0085
8,mc.rpart_OVERT,rpart,0.6736,0.6657,0.0079
8,mc.rpart_OVERTPhi,rpart,0.6727,0.6670,0.0057
8,mc.rpart_SMOTEB,rpart,0.6721,0.6652,0.0069
8,mc.rpart_SMOTET,rpart,0.6513,0.6503,0.0010
8,mc.rpart_SMOTETPhi,rpart,0.6485,0.6468,0.0017
8,mc.svm,svm,0.6485,0.6429,0.0056
8,mc.svm_UNDERB,svm,0.6324,0.6242,0.0082
8,mc.svm_UNDERT,svm,0.6345,0.6249,0.0096
8,mc.svm_UNDERTPhi,svm,0.6118,0.6044,0.0074
8,mc.svm_OVERB,svm,0.6471,0.6221,0.0250
8,mc.svm_OVERT,svm,0.6578,0.6288,0.0290
8,mc.svm_OVERTPhi,svm,0.6584,0.6293,0.0291
8,mc.svm_SMOTEB,svm,0.6250,0.6181,0.0069
8,mc.svm_SMOTET,svm,0.6187,0.6080,0.0107
8,mc.svm_SMOTETPhi,svm,0.5814,0.5736,0.0078
9,mc.lm,lm,0.2458,0.2504,-0.0046
9,mc.lm_UNDERB,lm,0.2352,0.2374,-0.0022
9,mc.lm_UNDERT,lm,0.2346,0.2395,-0.0049
9,mc.lm_UNDERTPhi,lm,0.2368,0.2406,-0.0038
9,mc.lm_OVERB,lm,0.2434,0.2412,0.0022
9,mc.lm_OVERT,lm,0.2317,0.2379,-0.0062
9,mc.lm_OVERTPhi,lm,0.2305,0.2380,-0.0075
9,mc.lm_SMOTEB,lm,0.2406,0.2446,-0.0040
9,mc.lm_SMOTET,lm,0.2457,0.2466,-0.0009
9,mc.lm_SMOTETPhi,lm,0.2453,0.2475,-0.0022
9,mc.mars,mars,0.2700,0.2626,0.0074
9,mc.mars_UNDERB,mars,0.2641,0.2756,-0.0115
9,mc.mars_UNDERT,mars,0.2633,0.2752,-0.0119
9,mc.mars_UNDERTPhi,mars,0.2826,0.2828,-0.0002
9,mc.mars_OVERB,mars,0.2639,0.2675,-0.0036
9,mc.mars_OVERT,mars,0.2705,0.2690,0.0015
9,mc.mars_OVERTPhi,mars,0.2638,0.2629,0.0009
9,mc.mars_SMOTEB,mars,0.2794,0.2782,0.0012
9,mc.mars_SMOTET,mars,0.2808,0.2839,-0.0031
9,mc.mars_SMOTETPhi,mars,0.2888,0.2883,0.0005
9,mc.rf,rf,0.2348,0.2449,-0.0101
9,mc.rf_UNDERB,rf,0.2461,0.2523,-0.0062
9,mc.rf_UNDERT,rf,0.2468,0.2535,-0.0067
9,mc.rf_UNDERTPhi,rf,0.2498,0.2570,-0.0072
9,mc.rf_OVERB,rf,0.2274,0.2372,-0.0098
9,mc.rf_OVERT,rf,0.2292,0.2395,-0.0103
9,mc.rf_OVERTPhi,rf,0.2273,0.2438,-0.0165
9,mc.rf_SMOTEB,rf,0.2697,0.2766,-0.0069
9,mc.rf_SMOTET,rf,0.2805,0.2824,-0.0019
9,mc.rf_SMOTETPhi,rf,0.2766,0.2801,-0.0035
9,mc.rpart,rpart,0.3073,0.3052,0.0021
9,mc.rpart_UNDERB,rpart,0.3040,0.2940,0.0100
9,mc.rpart_UNDERT,rpart,0.2955,0.2994,-0.0039
9,mc.rpart_UNDERTPhi,rpart,0.2983,0.2991,-0.0008
9,mc.rpart_OVERB,rpart,0.2627,0.2598,0.0029
9,mc.rpart_OVERT,rpart,0.2609,0.2738,-0.0129
9,mc.rpart_OVERTPhi,rpart,0.2634,0.2685,-0.0051
9,mc.rpart_SMOTEB,rpart,0.2958,0.3026,-0.0068
9,mc.rpart_SMOTET,rpart,0.2815,0.2815,-0.0000
9,mc.rpart_SMOTETPhi,rpart,0.2843,0.2815,0.0028
9,mc.svm,svm,0.2906,0.2918,-0.0012
9,mc.svm_UNDERB,svm,0.2933,0.3041,-0.0108
9,mc.svm_UNDERT,svm,0.2956,0.3016,-0.0060
9,mc.svm_UNDERTPhi,svm,0.2812,0.2890,-0.0078
9,mc.svm_OVERB,svm,0.2851,0.2813,0.0038
9,mc.svm_OVERT,svm,0.2873,0.2935,-0.0062
9,mc.svm_OVERTPhi,svm,0.2922,0.2911,0.0011
9,mc.svm_SMOTEB,svm,0.2898,0.2954,-0.0056
9,mc.svm_SMOTET,svm,0.2805,0.2822,-0.0017
9,mc.svm_SMOTETPhi,svm,0.2779,0.2803,-0.0024
10,mc.lm,lm,0.0000,0.0000,0.0000
10,mc.lm_UNDERB,lm,0.6467,0.6505,-0.0038
10,mc.lm_UNDERT,lm,0.6497,0.6500,-0.0003
10,mc.lm_UNDERTPhi,lm,0.6491,0.6478,0.0013
10,mc.lm_OVERB,lm,0.6691,0.6685,0.0006
10,mc.lm_OVERT,lm,0.6705,0.6668,0.0037
10,mc.lm_OVERTPhi,lm,0.6702,0.6668,0.0034
10,mc.lm_SMOTEB,lm,0.6658,0.6660,-0.0002
10,mc.lm_SMOTET,lm,0.6476,0.6475,0.0001
10,mc.lm_SMOTETPhi,lm,0.6439,0.6453,-0.0014
10,mc.mars,mars,0.1624,0.1947,-0.0323
10,mc.mars_UNDERB,mars,0.5146,0.4836,0.0310
10,mc.mars_UNDERT,mars,0.4656,0.5245,-0.0589
10,mc.mars_UNDERTPhi,mars,0.6282,0.6232,0.0050
10,mc.mars_OVERB,mars,0.6072,0.6130,-0.0058
10,mc.mars_OVERT,mars,0.6008,0.6036,-0.0028
10,mc.mars_OVERTPhi,mars,0.6108,0.6036,0.0072
10,mc.mars_SMOTEB,mars,0.6119,0.6140,-0.0021
10,mc.mars_SMOTET,mars,0.5997,0.6012,-0.0015
10,mc.mars_SMOTETPhi,mars,0.6177,0.6133,0.0044
10,mc.rf,rf,0.0000,0.0000,0.0000
10,mc.rf_UNDERB,rf,0.6495,0.6462,0.0033
10,mc.rf_UNDERT,rf,0.6507,0.6492,0.0015
10,mc.rf_UNDERTPhi,rf,0.6483,0.6479,0.0004
10,mc.rf_OVERB,rf,0.4519,0.5182,-0.0663
10,mc.rf_OVERT,rf,0.6201,0.5685,0.0516
10,mc.rf_OVERTPhi,rf,0.6133,0.5685,0.0448
10,mc.rf_SMOTEB,rf,0.6204,0.6187,0.0017
10,mc.rf_SMOTET,rf,0.6270,0.6199,0.0071
10,mc.rf_SMOTETPhi,rf,0.6406,0.6335,0.0071
10,mc.rpart,rpart,0.5430,0.5693,-0.0263
10,mc.rpart_UNDERB,rpart,0.6004,0.5971,0.0033
10,mc.rpart_UNDERT,rpart,0.6014,0.6035,-0.0021
10,mc.rpart_UNDERTPhi,rpart,0.6225,0.6189,0.0036
10,mc.rpart_OVERB,rpart,0.5583,0.5594,-0.0011
10,mc.rpart_OVERT,rpart,0.5576,0.5550,0.0026
10,mc.rpart_OVERTPhi,rpart,0.5546,0.5550,-0.0004
10,mc.rpart_SMOTEB,rpart,0.5678,0.5595,0.0083
10,mc.rpart_SMOTET,rpart,0.5680,0.5554,0.0126
10,mc.rpart_SMOTETPhi,rpart,0.6033,0.5994,0.0039
10,mc.svm,svm,0.5893,0.6093,-0.0200
10,mc.svm_UNDERB,svm,0.5795,0.5687,0.0108
10,mc.svm_UNDERT,svm,0.5730,0.5776,-0.0046
10,mc.svm_UNDERTPhi,svm,0.6118,0.6143,-0.0025
10,mc.svm_OVERB,svm,0.5926,0.5893,0.0033
10,mc.svm_OVERT,svm,0.6015,0.6009,0.0006
10,mc.svm_OVERTPhi,svm,0.6001,0.6009,-0.0008
10,mc.svm_SMOTEB,svm,0.5913,0.5855,0.0058
10,mc.svm_SMOTET,svm,0.5773,0.5804,-0.0031
10,mc.svm_SMOTETPhi,svm,0.6063,0.6052,0.0011
11,mc.lm,lm,0.2408,0.2180,0.0228
11,mc.lm_UNDERB,lm,0.4467,0.4403,0.0064
11,mc.lm_UNDERT,lm,0.4488,0.4430,0.0058
11,mc.lm_UNDERTPhi,lm,0.4407,0.4419,-0.0012
11,mc.lm_OVERB,lm,0.4458,0.4448,0.0010
11,mc.lm_OVERT,lm,0.4558,0.4512,0.0046
11,mc.lm_OVERTPhi,lm,0.4552,0.4512,0.0040
11,mc.lm_SMOTEB,lm,0.4746,0.4701,0.0045
11,mc.lm_SMOTET,lm,0.4636,0.4566,0.0070
11,mc.lm_SMOTETPhi,lm,0.4588,0.4559,0.0029
11,mc.mars,mars,0.3888,0.3781,0.0107
11,mc.mars_UNDERB,mars,0.4122,0.4164,-0.0042
11,mc.mars_UNDERT,mars,0.4115,0.4042,0.0073
11,mc.mars_UNDERTPhi,mars,0.4146,0.4167,-0.0021
11,mc.mars_OVERB,mars,0.4387,0.4371,0.0016
11,mc.mars_OVERT,mars,0.4293,0.4209,0.0084
11,mc.mars_OVERTPhi,mars,0.4248,0.4209,0.0039
11,mc.mars_SMOTEB,mars,0.4535,0.4518,0.0017
11,mc.mars_SMOTET,mars,0.4353,0.4341,0.0012
11,mc.mars_SMOTETPhi,mars,0.4284,0.4287,-0.0003
11,mc.rf,rf,0.3671,0.3356,0.0315
11,mc.rf_UNDERB,rf,0.4340,0.4361,-0.0021
11,mc.rf_UNDERT,rf,0.4359,0.4292,0.0067
11,mc.rf_UNDERTPhi,rf,0.4336,0.4372,-0.0036
11,mc.rf_OVERB,rf,0.4114,0.4186,-0.0072
11,mc.rf_OVERT,rf,0.4027,0.4019,0.0008
11,mc.rf_OVERTPhi,rf,0.4057,0.4019,0.0038
11,mc.rf_SMOTEB,rf,0.4362,0.4354,0.0008
11,mc.rf_SMOTET,rf,0.4239,0.4285,-0.0046
11,mc.rf_SMOTETPhi,rf,0.4234,0.4256,-0.0022
11,mc.rpart,rpart,0.4177,0.4115,0.0062
11,mc.rpart_UNDERB,rpart,0.4136,0.4024,0.0112
11,mc.rpart_UNDERT,rpart,0.4103,0.4062,0.0041
11,mc.rpart_UNDERTPhi,rpart,0.4033,0.4050,-0.0017
11,mc.rpart_OVERB,rpart,0.3803,0.3834,-0.0031
11,mc.rpart_OVERT,rpart,0.3846,0.3889,-0.0043
11,mc.rpart_OVERTPhi,rpart,0.3830,0.3889,-0.0059
11,mc.rpart_SMOTEB,rpart,0.3925,0.3939,-0.0014
11,mc.rpart_SMOTET,rpart,0.3898,0.3920,-0.0022
11,mc.rpart_SMOTETPhi,rpart,0.3912,0.3884,0.0028
11,mc.svm,svm,0.4255,0.4164,0.0091
11,mc.svm_UNDERB,svm,0.4670,0.4698,-0.0028
11,mc.svm_UNDERT,svm,0.4731,0.4711,0.0020
11,mc.svm_UNDERTPhi,svm,0.4767,0.4758,0.0009
11,mc.svm_OVERB,svm,0.4669,0.4682,-0.0013
11,mc.svm_OVERT,svm,0.4602,0.4579,0.0023
11,mc.svm_OVERTPhi,svm,0.4571,0.4579,-0.0008
11,mc.svm_SMOTEB,svm,0.4656,0.4688,-0.0032
11,mc.svm_SMOTET,svm,0.4556,0.4532,0.0024
11,mc.svm_SMOTETPhi,svm,0.4464,0.4476,-0.0012
12,mc.lm,lm,0.4286,0.0000,0.4286
12,mc.lm_UNDERB,lm,0.6215,0.5546,0.0669
12,mc.lm_UNDERT,lm,0.6211,0.5579,0.0632
12,mc.lm_UNDERTPhi,lm,0.6235,0.5635,0.0600
12,mc.lm_OVERB,lm,0.6278,0.5593,0.0685
12,mc.lm_OVERT,lm,0.6269,0.5733,0.0536
12,mc.lm_OVERTPhi,lm,0.6265,0.5713,0.0552
12,mc.lm_SMOTEB,lm,0.6144,0.5583,0.0561
12,mc.lm_SMOTET,lm,0.6082,0.5519,0.0563
12,mc.lm_SMOTETPhi,lm,0.6050,0.5493,0.0557
12,mc.mars,mars,0.5202,0.0181,0.5021
12,mc.mars_UNDERB,mars,0.5729,0.4681,0.1048
12,mc.mars_UNDERT,mars,0.5708,0.4858,0.0850
12,mc.mars_UNDERTPhi,mars,0.5778,0.4844,0.0934
12,mc.mars_OVERB,mars,0.5875,0.4936,0.0939
12,mc.mars_OVERT,mars,0.5932,0.5308,0.0624
12,mc.mars_OVERTPhi,mars,0.5902,0.5290,0.0612
12,mc.mars_SMOTEB,mars,0.5839,0.5115,0.0724
12,mc.mars_SMOTET,mars,0.5768,0.5282,0.0486
12,mc.mars_SMOTETPhi,mars,0.5673,0.5440,0.0233
12,mc.rf,rf,0.4450,0.0000,0.4450
12,mc.rf_UNDERB,rf,0.5162,0.2542,0.2620
12,mc.rf_UNDERT,rf,0.5196,0.2819,0.2377
12,mc.rf_UNDERTPhi,rf,0.5232,0.2763,0.2469
12,mc.rf_OVERB,rf,0.4927,0.0000,0.4927
12,mc.rf_OVERT,rf,0.4348,0.0577,0.3771
12,mc.rf_OVERTPhi,rf,0.4321,0.0445,0.3876
12,mc.rf_SMOTEB,rf,0.5169,0.4606,0.0563
12,mc.rf_SMOTET,rf,0.5151,0.4720,0.0431
12,mc.rf_SMOTETPhi,rf,0.5242,0.4883,0.0359
12,mc.rpart,rpart,0.4758,0.3640,0.1118
12,mc.rpart_UNDERB,rpart,0.4692,0.4573,0.0119
12,mc.rpart_UNDERT,rpart,0.4602,0.4491,0.0111
12,mc.rpart_UNDERTPhi,rpart,0.4719,0.4766,-0.0047
12,mc.rpart_OVERB,rpart,0.4317,0.4291,0.0026
12,mc.rpart_OVERT,rpart,0.4383,0.4505,-0.0122
12,mc.rpart_OVERTPhi,rpart,0.4392,0.4478,-0.0086
12,mc.rpart_SMOTEB,rpart,0.4762,0.4407,0.0355
12,mc.rpart_SMOTET,rpart,0.4782,0.4455,0.0327
12,mc.rpart_SMOTETPhi,rpart,0.4912,0.4487,0.0425
12,mc.svm,svm,0.5571,0.2201,0.3370
12,mc.svm_UNDERB,svm,0.5156,0.4742,0.0414
12,mc.svm_UNDERT,svm,0.5203,0.4743,0.0460
12,mc.svm_UNDERTPhi,svm,0.5233,0.4687,0.0546
12,mc.svm_OVERB,svm,0.5347,0.4007,0.1340
12,mc.svm_OVERT,svm,0.5435,0.4176,0.1259
12,mc.svm_OVERTPhi,svm,0.5403,0.4160,0.1243
12,mc.svm_SMOTEB,svm,0.5215,0.4531,0.0684
12,mc.svm_SMOTET,svm,0.5108,0.4718,0.0390
12,mc.svm_SMOTETPhi,svm,0.5074,0.4747,0.0327
13,mc.lm,lm,0.5206,0.3689,0.1517
13,mc.lm_UNDERB,lm,0.6058,0.6179,-0.0121
13,mc.lm_UNDERT,lm,0.6090,0.6159,-0.0069
13,mc.lm_UNDERTPhi,lm,0.6033,0.6104,-0.0071
13,mc.lm_OVERB,lm,0.6115,0.6170,-0.0055
13,mc.lm_OVERT,lm,0.6114,0.6271,-0.0157
13,mc.lm_OVERTPhi,lm,0.6115,0.6271,-0.0156
13,mc.lm_SMOTEB,lm,0.5928,0.5968,-0.0040
13,mc.lm_SMOTET,lm,0.5826,0.5887,-0.0061
13,mc.lm_SMOTETPhi,lm,0.5818,0.5844,-0.0026
13,mc.mars,mars,0.5328,0.5911,-0.0583
13,mc.mars_UNDERB,mars,0.5569,0.5582,-0.0013
13,mc.mars_UNDERT,mars,0.5562,0.5553,0.0009
13,mc.mars_UNDERTPhi,mars,0.5565,0.5547,0.0018
13,mc.mars_OVERB,mars,0.5754,0.5778,-0.0024
13,mc.mars_OVERT,mars,0.5562,0.5612,-0.0050
13,mc.mars_OVERTPhi,mars,0.5549,0.5539,0.0010
13,mc.mars_SMOTEB,mars,0.5543,0.5492,0.0051
13,mc.mars_SMOTET,mars,0.5426,0.5422,0.0004
13,mc.mars_SMOTETPhi,mars,0.5522,0.5383,0.0139
13,mc.rf,rf,0.4249,0.4269,-0.0020
13,mc.rf_UNDERB,rf,0.5728,0.5813,-0.0085
13,mc.rf_UNDERT,rf,0.5808,0.5877,-0.0069
13,mc.rf_UNDERTPhi,rf,0.5784,0.5898,-0.0114
13,mc.rf_OVERB,rf,0.5440,0.5545,-0.0105
13,mc.rf_OVERT,rf,0.5153,0.4994,0.0159
13,mc.rf_OVERTPhi,rf,0.5187,0.4969,0.0218
13,mc.rf_SMOTEB,rf,0.5712,0.5846,-0.0134
13,mc.rf_SMOTET,rf,0.5568,0.5735,-0.0167
13,mc.rf_SMOTETPhi,rf,0.5643,0.5779,-0.0136
13,mc.rpart,rpart,0.5167,0.5403,-0.0236
13,mc.rpart_UNDERB,rpart,0.5001,0.5250,-0.0249
13,mc.rpart_UNDERT,rpart,0.5125,0.5322,-0.0197
13,mc.rpart_UNDERTPhi,rpart,0.5053,0.5267,-0.0214
13,mc.rpart_OVERB,rpart,0.4882,0.5007,-0.0125
13,mc.rpart_OVERT,rpart,0.4710,0.4963,-0.0253
13,mc.rpart_OVERTPhi,rpart,0.4699,0.4902,-0.0203
13,mc.rpart_SMOTEB,rpart,0.4991,0.5073,-0.0082
13,mc.rpart_SMOTET,rpart,0.5048,0.5234,-0.0186
13,mc.rpart_SMOTETPhi,rpart,0.5109,0.5317,-0.0208
13,mc.svm,svm,0.5778,0.6066,-0.0288
13,mc.svm_UNDERB,svm,0.5547,0.5642,-0.0095
13,mc.svm_UNDERT,svm,0.5513,0.5574,-0.0061
13,mc.svm_UNDERTPhi,svm,0.5581,0.5642,-0.0061
13,mc.svm_OVERB,svm,0.5512,0.5717,-0.0205
13,mc.svm_OVERT,svm,0.5338,0.5633,-0.0295
13,mc.svm_OVERTPhi,svm,0.5348,0.5644,-0.0296
13,mc.svm_SMOTEB,svm,0.5206,0.5391,-0.0185
13,mc.svm_SMOTET,svm,0.5397,0.5452,-0.0055
13,mc.svm_SMOTETPhi,svm,0.5333,0.5516,-0.0183
14,mc.lm,lm,0.0000,0.0000,0.0000
14,mc.lm_UNDERB,lm,0.3312,0.3571,-0.0259
14,mc.lm_UNDERT,lm,0.3525,0.3592,-0.0067
14,mc.lm_UNDERTPhi,lm,0.3443,0.3738,-0.0295
14,mc.lm_OVERB,lm,0.3627,0.3672,-0.0045
14,mc.lm_OVERT,lm,0.3641,0.3805,-0.0164
14,mc.lm_OVERTPhi,lm,0.3727,0.3915,-0.0188
14,mc.lm_SMOTEB,lm,0.3549,0.3723,-0.0174
14,mc.lm_SMOTET,lm,0.3514,0.3513,0.0001
14,mc.lm_SMOTETPhi,lm,0.3546,0.3533,0.0013
14,mc.mars,mars,0.2257,0.2453,-0.0196
14,mc.mars_UNDERB,mars,0.3110,0.3012,0.0098
14,mc.mars_UNDERT,mars,0.3148,0.2882,0.0266
14,mc.mars_UNDERTPhi,mars,0.3083,0.3061,0.0022
14,mc.mars_OVERB,mars,0.4067,0.3895,0.0172
14,mc.mars_OVERT,mars,0.3988,0.3859,0.0129
14,mc.mars_OVERTPhi,mars,0.3952,0.3963,-0.0011
14,mc.mars_SMOTEB,mars,0.3902,0.3851,0.0051
14,mc.mars_SMOTET,mars,0.3889,0.3782,0.0107
14,mc.mars_SMOTETPhi,mars,0.3843,0.3780,0.0063
14,mc.rf,rf,0.0733,0.1161,-0.0428
14,mc.rf_UNDERB,rf,0.1658,0.1341,0.0317
14,mc.rf_UNDERT,rf,0.1795,0.2178,-0.0383
14,mc.rf_UNDERTPhi,rf,0.1872,0.1876,-0.0004
14,mc.rf_OVERB,rf,0.1649,0.1875,-0.0226
14,mc.rf_OVERT,rf,0.1755,0.2181,-0.0426
14,mc.rf_OVERTPhi,rf,0.1570,0.2317,-0.0747
14,mc.rf_SMOTEB,rf,0.3946,0.3918,0.0028
14,mc.rf_SMOTET,rf,0.3765,0.3798,-0.0033
14,mc.rf_SMOTETPhi,rf,0.3851,0.3874,-0.0023
14,mc.rpart,rpart,0.3586,0.3646,-0.0060
14,mc.rpart_UNDERB,rpart,0.3864,0.3894,-0.0030
14,mc.rpart_UNDERT,rpart,0.3818,0.3905,-0.0087
14,mc.rpart_UNDERTPhi,rpart,0.3931,0.3912,0.0019
14,mc.rpart_OVERB,rpart,0.3964,0.3848,0.0116
14,mc.rpart_OVERT,rpart,0.3888,0.3824,0.0064
14,mc.rpart_OVERTPhi,rpart,0.3835,0.3889,-0.0054
14,mc.rpart_SMOTEB,rpart,0.3893,0.3846,0.0047
14,mc.rpart_SMOTET,rpart,0.3945,0.3913,0.0032
14,mc.rpart_SMOTETPhi,rpart,0.3998,0.3896,0.0102
14,mc.svm,svm,0.2218,0.2338,-0.0120
14,mc.svm_UNDERB,svm,0.3580,0.3506,0.0074
14,mc.svm_UNDERT,svm,0.3541,0.3404,0.0137
14,mc.svm_UNDERTPhi,svm,0.3481,0.3413,0.0068
14,mc.svm_OVERB,svm,0.3470,0.3395,0.0075
14,mc.svm_OVERT,svm,0.3526,0.3437,0.0089
14,mc.svm_OVERTPhi,svm,0.3493,0.3442,0.0051
14,mc.svm_SMOTEB,svm,0.3595,0.3534,0.0061
14,mc.svm_SMOTET,svm,0.3296,0.3342,-0.0046
14,mc.svm_SMOTETPhi,svm,0.3399,0.3380,0.0019
15,mc.lm,lm,0.0000,0.0000,0.0000
15,mc.lm_UNDERB,lm,0.3113,0.3269,-0.0156
15,mc.lm_UNDERT,lm,0.3323,0.3467,-0.0144
15,mc.lm_UNDERTPhi,lm,0.3565,0.3648,-0.0083
15,mc.lm_OVERB,lm,0.2787,0.3014,-0.0227
15,mc.lm_OVERT,lm,0.2418,0.3210,-0.0792
15,mc.lm_OVERTPhi,lm,0.2239,0.3280,-0.1041
15,mc.lm_SMOTEB,lm,0.3558,0.3715,-0.0157
15,mc.lm_SMOTET,lm,0.3459,0.3552,-0.0093
15,mc.lm_SMOTETPhi,lm,0.3540,0.3553,-0.0013
15,mc.mars,mars,0.1168,0.1349,-0.0181
15,mc.mars_UNDERB,mars,0.1508,0.1432,0.0076
15,mc.mars_UNDERT,mars,0.1709,0.1206,0.0503
15,mc.mars_UNDERTPhi,mars,0.1703,0.1384,0.0319
15,mc.mars_OVERB,mars,0.3296,0.3543,-0.0247
15,mc.mars_OVERT,mars,0.3606,0.3459,0.0147
15,mc.mars_OVERTPhi,mars,0.3537,0.3616,-0.0079
15,mc.mars_SMOTEB,mars,0.3330,0.3268,0.0062
15,mc.mars_SMOTET,mars,0.3339,0.3211,0.0128
15,mc.mars_SMOTETPhi,mars,0.3293,0.3212,0.0081
15,mc.rf,rf,0.0043,0.0218,-0.0175
15,mc.rf_UNDERB,rf,0.0263,0.0282,-0.0019
15,mc.rf_UNDERT,rf,0.0233,0.0513,-0.0280
15,mc.rf_UNDERTPhi,rf,0.0167,0.0571,-0.0404
15,mc.rf_OVERB,rf,0.0226,0.0121,0.0105
15,mc.rf_OVERT,rf,0.0087,0.0121,-0.0034
15,mc.rf_OVERTPhi,rf,0.0098,0.0127,-0.0029
15,mc.rf_SMOTEB,rf,0.1800,0.1741,0.0059
15,mc.rf_SMOTET,rf,0.2558,0.2403,0.0155
15,mc.rf_SMOTETPhi,rf,0.2736,0.2865,-0.0129
15,mc.rpart,rpart,0.2776,0.2897,-0.0121
15,mc.rpart_UNDERB,rpart,0.3557,0.3571,-0.0014
15,mc.rpart_UNDERT,rpart,0.3389,0.3841,-0.0452
15,mc.rpart_UNDERTPhi,rpart,0.3634,0.3486,0.0148
15,mc.rpart_OVERB,rpart,0.3728,0.3686,0.0042
15,mc.rpart_OVERT,rpart,0.3900,0.3725,0.0175
15,mc.rpart_OVERTPhi,rpart,0.3706,0.3707,-0.0001
15,mc.rpart_SMOTEB,rpart,0.3334,0.3279,0.0055
15,mc.rpart_SMOTET,rpart,0.3430,0.3405,0.0025
15,mc.rpart_SMOTETPhi,rpart,0.3506,0.3292,0.0214
15,mc.svm,svm,0.2219,0.2228,-0.0009
15,mc.svm_UNDERB,svm,0.3241,0.3220,0.0021
15,mc.svm_UNDERT,svm,0.3143,0.3204,-0.0061
15,mc.svm_UNDERTPhi,svm,0.3158,0.3397,-0.0239
15,mc.svm_OVERB,svm,0.2977,0.3161,-0.0184
15,mc.svm_OVERT,svm,0.3230,0.3058,0.0172
15,mc.svm_OVERTPhi,svm,0.3387,0.3070,0.0317
15,mc.svm_SMOTEB,svm,0.3078,0.3122,-0.0044
15,mc.svm_SMOTET,svm,0.3157,0.2912,0.0245
15,mc.svm_SMOTETPhi,svm,0.3022,0.3029,-0.0007
16,mc.lm,lm,0.0000,0.0000,0.0000
16,mc.lm_UNDERB,lm,0.3520,0.3597,-0.0077
16,mc.lm_UNDERT,lm,0.3627,0.3625,0.0002
16,mc.lm_UNDERTPhi,lm,0.3586,0.3575,0.0011
16,mc.lm_OVERB,lm,0.3372,0.3411,-0.0039
16,mc.lm_OVERT,lm,0.3312,0.3353,-0.0041
16,mc.lm_OVERTPhi,lm,0.3346,0.3364,-0.0018
16,mc.lm_SMOTEB,lm,0.3704,0.3660,0.0044
16,mc.lm_SMOTET,lm,0.3597,0.3708,-0.0111
16,mc.lm_SMOTETPhi,lm,0.3632,0.3677,-0.0045
16,mc.mars,mars,0.1928,0.1723,0.0205
16,mc.mars_UNDERB,mars,0.0891,0.0853,0.0038
16,mc.mars_UNDERT,mars,0.1320,0.0940,0.0380
16,mc.mars_UNDERTPhi,mars,0.1351,0.0918,0.0433
16,mc.mars_OVERB,mars,0.3566,0.3416,0.0150
16,mc.mars_OVERT,mars,0.3467,0.3341,0.0126
16,mc.mars_OVERTPhi,mars,0.3442,0.3345,0.0097
16,mc.mars_SMOTEB,mars,0.3732,0.3647,0.0085
16,mc.mars_SMOTET,mars,0.3537,0.3439,0.0098
16,mc.mars_SMOTETPhi,mars,0.3508,0.3580,-0.0072
16,mc.rf,rf,0.0190,0.0321,-0.0131
16,mc.rf_UNDERB,rf,0.1442,0.1079,0.0363
16,mc.rf_UNDERT,rf,0.1846,0.1388,0.0458
16,mc.rf_UNDERTPhi,rf,0.2059,0.1294,0.0765
16,mc.rf_OVERB,rf,0.1528,0.1482,0.0046
16,mc.rf_OVERT,rf,0.1751,0.0610,0.1141
16,mc.rf_OVERTPhi,rf,0.1509,0.0726,0.0783
16,mc.rf_SMOTEB,rf,0.3890,0.3620,0.0270
16,mc.rf_SMOTET,rf,0.3221,0.3263,-0.0042
16,mc.rf_SMOTETPhi,rf,0.3331,0.3484,-0.0153
16,mc.rpart,rpart,0.2681,0.2722,-0.0041
16,mc.rpart_UNDERB,rpart,0.3752,0.3635,0.0117
16,mc.rpart_UNDERT,rpart,0.3566,0.3488,0.0078
16,mc.rpart_UNDERTPhi,rpart,0.3679,0.3723,-0.0044
16,mc.rpart_OVERB,rpart,0.3723,0.3633,0.0090
16,mc.rpart_OVERT,rpart,0.3809,0.3573,0.0236
16,mc.rpart_OVERTPhi,rpart,0.3667,0.3604,0.0063
16,mc.rpart_SMOTEB,rpart,0.3862,0.3797,0.0065
16,mc.rpart_SMOTET,rpart,0.3600,0.3630,-0.0030
16,mc.rpart_SMOTETPhi,rpart,0.3653,0.3608,0.0045
16,mc.svm,svm,0.3722,0.3893,-0.0171
16,mc.svm_UNDERB,svm,0.3786,0.3784,0.0002
16,mc.svm_UNDERT,svm,0.3827,0.3703,0.0124
16,mc.svm_UNDERTPhi,svm,0.3662,0.3562,0.0100
16,mc.svm_OVERB,svm,0.3774,0.3744,0.0030
16,mc.svm_OVERT,svm,0.3809,0.3730,0.0079
16,mc.svm_OVERTPhi,svm,0.3808,0.3722,0.0086
16,mc.svm_SMOTEB,svm,0.3663,0.3644,0.0019
16,mc.svm_SMOTET,svm,0.3540,0.3623,-0.0083
16,mc.svm_SMOTETPhi,svm,0.3578,0.3417,0.0161
17,mc.lm,lm,0.0000,0.0000,0.0000
17,mc.lm_UNDERB,lm,0.2543,0.3120,-0.0577
17,mc.lm_UNDERT,lm,0.3129,0.3385,-0.0256
17,mc.lm_UNDERTPhi,lm,0.3471,0.3687,-0.0216
17,mc.lm_OVERB,lm,0.2756,0.2541,0.0215
17,mc.lm_OVERT,lm,0.2098,0.2235,-0.0137
17,mc.lm_OVERTPhi,lm,0.2334,0.2032,0.0302
17,mc.lm_SMOTEB,lm,0.3856,0.3889,-0.0033
17,mc.lm_SMOTET,lm,0.3660,0.3667,-0.0007
17,mc.lm_SMOTETPhi,lm,0.3671,0.3703,-0.0032
17,mc.mars,mars,0.2021,0.2156,-0.0135
17,mc.mars_UNDERB,mars,0.2205,0.2314,-0.0109
17,mc.mars_UNDERT,mars,0.2535,0.2836,-0.0301
17,mc.mars_UNDERTPhi,mars,0.2006,0.2497,-0.0491
17,mc.mars_OVERB,mars,0.3738,0.3736,0.0002
17,mc.mars_OVERT,mars,0.3852,0.3791,0.0061
17,mc.mars_OVERTPhi,mars,0.3788,0.3734,0.0054
17,mc.mars_SMOTEB,mars,0.3676,0.3817,-0.0141
17,mc.mars_SMOTET,mars,0.3460,0.3613,-0.0153
17,mc.mars_SMOTETPhi,mars,0.3665,0.3737,-0.0072
17,mc.rf,rf,0.0000,0.0000,0.0000
17,mc.rf_UNDERB,rf,0.0878,0.0956,-0.0078
17,mc.rf_UNDERT,rf,0.1043,0.0983,0.0060
17,mc.rf_UNDERTPhi,rf,0.0877,0.0818,0.0059
17,mc.rf_OVERB,rf,0.1561,0.2017,-0.0456
17,mc.rf_OVERT,rf,0.1436,0.1463,-0.0027
17,mc.rf_OVERTPhi,rf,0.1695,0.1352,0.0343
17,mc.rf_SMOTEB,rf,0.3426,0.3400,0.0026
17,mc.rf_SMOTET,rf,0.2808,0.3128,-0.0320
17,mc.rf_SMOTETPhi,rf,0.3440,0.3485,-0.0045
17,mc.rpart,rpart,0.4174,0.4412,-0.0238
17,mc.rpart_UNDERB,rpart,0.3951,0.4076,-0.0125
17,mc.rpart_UNDERT,rpart,0.3866,0.3913,-0.0047
17,mc.rpart_UNDERTPhi,rpart,0.4026,0.4126,-0.0100
17,mc.rpart_OVERB,rpart,0.4017,0.4018,-0.0001
17,mc.rpart_OVERT,rpart,0.3971,0.4003,-0.0032
17,mc.rpart_OVERTPhi,rpart,0.3985,0.3992,-0.0007
17,mc.rpart_SMOTEB,rpart,0.3959,0.4027,-0.0068
17,mc.rpart_SMOTET,rpart,0.3762,0.3800,-0.0038
17,mc.rpart_SMOTETPhi,rpart,0.3864,0.3937,-0.0073
17,mc.svm,svm,0.3034,0.2926,0.0108
17,mc.svm_UNDERB,svm,0.3811,0.3892,-0.0081
17,mc.svm_UNDERT,svm,0.3872,0.3910,-0.0038
17,mc.svm_UNDERTPhi,svm,0.3762,0.3879,-0.0117
17,mc.svm_OVERB,svm,0.4193,0.4314,-0.0121
17,mc.svm_OVERT,svm,0.4324,0.4354,-0.0030
17,mc.svm_OVERTPhi,svm,0.4322,0.4366,-0.0044
17,mc.svm_SMOTEB,svm,0.3923,0.3904,0.0019
17,mc.svm_SMOTET,svm,0.3624,0.3616,0.0008
17,mc.svm_SMOTETPhi,svm,0.3591,0.3581,0.0010
18,mc.lm,lm,0.0000,0.0000,0.0000
18,mc.lm_UNDERB,lm,0.2815,0.2319,0.0496
18,mc.lm_UNDERT,lm,0.2411,0.2771,-0.0360
18,mc.lm_UNDERTPhi,lm,0.2941,0.2966,-0.0025
18,mc.lm_OVERB,lm,0.2564,0.2481,0.0083
18,mc.lm_OVERT,lm,0.2956,0.2717,0.0239
18,mc.lm_OVERTPhi,lm,0.3141,0.2802,0.0339
18,mc.lm_SMOTEB,lm,0.3501,0.3403,0.0098
18,mc.lm_SMOTET,lm,0.3536,0.3367,0.0169
18,mc.lm_SMOTETPhi,lm,0.3251,0.3126,0.0125
18,mc.mars,mars,0.0868,0.1238,-0.0370
18,mc.mars_UNDERB,mars,0.1048,0.1184,-0.0136
18,mc.mars_UNDERT,mars,0.1250,0.1304,-0.0054
18,mc.mars_UNDERTPhi,mars,0.1112,0.1667,-0.0555
18,mc.mars_OVERB,mars,0.3300,0.3151,0.0149
18,mc.mars_OVERT,mars,0.3562,0.3367,0.0195
18,mc.mars_OVERTPhi,mars,0.3320,0.3120,0.0200
18,mc.mars_SMOTEB,mars,0.3743,0.3588,0.0155
18,mc.mars_SMOTET,mars,0.3697,0.3499,0.0198
18,mc.mars_SMOTETPhi,mars,0.3541,0.3524,0.0017
18,mc.rf,rf,0.0000,0.0000,0.0000
18,mc.rf_UNDERB,rf,0.0864,0.0980,-0.0116
18,mc.rf_UNDERT,rf,0.0919,0.0942,-0.0023
18,mc.rf_UNDERTPhi,rf,0.1082,0.0810,0.0272
18,mc.rf_OVERB,rf,0.0775,0.0537,0.0238
18,mc.rf_OVERT,rf,0.0345,0.0456,-0.0111
18,mc.rf_OVERTPhi,rf,0.0556,0.0401,0.0155
18,mc.rf_SMOTEB,rf,0.3892,0.3577,0.0315
18,mc.rf_SMOTET,rf,0.3456,0.3455,0.0001
18,mc.rf_SMOTETPhi,rf,0.3536,0.3400,0.0136
18,mc.rpart,rpart,0.3558,0.3646,-0.0088
18,mc.rpart_UNDERB,rpart,0.3656,0.3718,-0.0062
18,mc.rpart_UNDERT,rpart,0.3630,0.3661,-0.0031
18,mc.rpart_UNDERTPhi,rpart,0.3657,0.3560,0.0097
18,mc.rpart_OVERB,rpart,0.3649,0.3661,-0.0012
18,mc.rpart_OVERT,rpart,0.3647,0.3608,0.0039
18,mc.rpart_OVERTPhi,rpart,0.3728,0.3514,0.0214
18,mc.rpart_SMOTEB,rpart,0.3574,0.3451,0.0123
18,mc.rpart_SMOTET,rpart,0.3650,0.3441,0.0209
18,mc.rpart_SMOTETPhi,rpart,0.3513,0.3494,0.0019
18,mc.svm,svm,0.2506,0.2687,-0.0181
18,mc.svm_UNDERB,svm,0.3335,0.3458,-0.0123
18,mc.svm_UNDERT,svm,0.3391,0.3412,-0.0021
18,mc.svm_UNDERTPhi,svm,0.3392,0.3353,0.0039
18,mc.svm_OVERB,svm,0.3371,0.3450,-0.0079
18,mc.svm_OVERT,svm,0.3297,0.3362,-0.0065
18,mc.svm_OVERTPhi,svm,0.3103,0.3315,-0.0212
18,mc.svm_SMOTEB,svm,0.3205,0.3163,0.0042
18,mc.svm_SMOTET,svm,0.3369,0.3395,-0.0026
18,mc.svm_SMOTETPhi,svm,0.3289,0.3396,-0.0107
19,mc.lm,lm,0.0000,0.0000,0.0000
19,mc.lm_UNDERB,lm,0.3543,0.3536,0.0007
19,mc.lm_UNDERT,lm,0.3506,0.3581,-0.0075
19,mc.lm_UNDERTPhi,lm,0.3451,0.3541,-0.0090
19,mc.lm_OVERB,lm,0.3595,0.3631,-0.0036
19,mc.lm_OVERT,lm,0.3580,0.3619,-0.0039
19,mc.lm_OVERTPhi,lm,0.3547,0.3659,-0.0112
19,mc.lm_SMOTEB,lm,0.3580,0.3549,0.0031
19,mc.lm_SMOTET,lm,0.3614,0.3613,0.0001
19,mc.lm_SMOTETPhi,lm,0.3542,0.3454,0.0088
19,mc.mars,mars,0.1725,0.1375,0.0350
19,mc.mars_UNDERB,mars,0.1258,0.0979,0.0279
19,mc.mars_UNDERT,mars,0.1543,0.1693,-0.0150
19,mc.mars_UNDERTPhi,mars,0.1355,0.1575,-0.0220
19,mc.mars_OVERB,mars,0.3243,0.3193,0.0050
19,mc.mars_OVERT,mars,0.3337,0.3268,0.0069
19,mc.mars_OVERTPhi,mars,0.3256,0.3296,-0.0040
19,mc.mars_SMOTEB,mars,0.3216,0.3048,0.0168
19,mc.mars_SMOTET,mars,0.3387,0.3127,0.0260
19,mc.mars_SMOTETPhi,mars,0.3225,0.3101,0.0124
19,mc.rf,rf,0.0230,0.0282,-0.0052
19,mc.rf_UNDERB,rf,0.0751,0.0966,-0.0215
19,mc.rf_UNDERT,rf,0.0753,0.1289,-0.0536
19,mc.rf_UNDERTPhi,rf,0.1246,0.1152,0.0094
19,mc.rf_OVERB,rf,0.0538,0.0705,-0.0167
19,mc.rf_OVERT,rf,0.0307,0.0297,0.0010
19,mc.rf_OVERTPhi,rf,0.0443,0.0345,0.0098
19,mc.rf_SMOTEB,rf,0.3316,0.3296,0.0020
19,mc.rf_SMOTET,rf,0.2780,0.2752,0.0028
19,mc.rf_SMOTETPhi,rf,0.2804,0.2842,-0.0038
19,mc.rpart,rpart,0.3264,0.3009,0.0255
19,mc.rpart_UNDERB,rpart,0.3374,0.3318,0.0056
19,mc.rpart_UNDERT,rpart,0.3358,0.3225,0.0133
19,mc.rpart_UNDERTPhi,rpart,0.3377,0.3242,0.0135
19,mc.rpart_OVERB,rpart,0.3517,0.3479,0.0038
19,mc.rpart_OVERT,rpart,0.3458,0.3558,-0.0100
19,mc.rpart_OVERTPhi,rpart,0.3564,0.3489,0.0075
19,mc.rpart_SMOTEB,rpart,0.3473,0.3392,0.0081
19,mc.rpart_SMOTET,rpart,0.3279,0.3295,-0.0016
19,mc.rpart_SMOTETPhi,rpart,0.3220,0.3296,-0.0076
19,mc.svm,svm,0.3739,0.3674,0.0065
19,mc.svm_UNDERB,svm,0.3296,0.3322,-0.0026
19,mc.svm_UNDERT,svm,0.3407,0.3257,0.0150
19,mc.svm_UNDERTPhi,svm,0.3302,0.3374,-0.0072
19,mc.svm_OVERB,svm,0.3578,0.3457,0.0121
19,mc.svm_OVERT,svm,0.3547,0.3401,0.0146
19,mc.svm_OVERTPhi,svm,0.3492,0.3403,0.0089
19,mc.svm_SMOTEB,svm,0.3273,0.3387,-0.0114
19,mc.svm_SMOTET,svm,0.3339,0.3307,0.0032
19,mc.svm_SMOTETPhi,svm,0.3454,0.3335,0.0119
21,mc.lm,lm,0.9379,0.9598,-0.0219
21,mc.lm_UNDERB,lm,0.9419,0.9595,-0.0176
21,mc.lm_UNDERT,lm,0.9418,0.9594,-0.0176
21,mc.lm_UNDERTPhi,lm,0.9419,0.9631,-0.0212
21,mc.lm_OVERB,lm,0.9419,0.9594,-0.0175
21,mc.lm_OVERT,lm,0.9420,0.9592,-0.0172
21,mc.lm_OVERTPhi,lm,0.9420,0.9593,-0.0173
21,mc.lm_SMOTEB,lm,0.9419,0.9594,-0.0175
21,mc.lm_SMOTET,lm,0.9415,0.9593,-0.0178
21,mc.lm_SMOTETPhi,lm,0.9417,0.9626,-0.0209
21,mc.mars,mars,0.9401,0.9626,-0.0225
21,mc.mars_UNDERB,mars,0.9387,0.9497,-0.0110
21,mc.mars_UNDERT,mars,0.9384,0.9496,-0.0112
21,mc.mars_UNDERTPhi,mars,0.9425,0.9604,-0.0179
21,mc.mars_OVERB,mars,0.9386,0.9619,-0.0233
21,mc.mars_OVERT,mars,0.9387,0.9615,-0.0228
21,mc.mars_OVERTPhi,mars,0.9388,0.9614,-0.0226
21,mc.mars_SMOTEB,mars,0.9387,0.9613,-0.0226
21,mc.mars_SMOTET,mars,0.9383,0.9608,-0.0225
21,mc.mars_SMOTETPhi,mars,0.9419,0.9626,-0.0207
21,mc.rf,rf,0.9439,0.8732,0.0707
21,mc.rf_UNDERB,rf,0.9285,0.9137,0.0148
21,mc.rf_UNDERT,rf,0.9301,0.9118,0.0183
21,mc.rf_UNDERTPhi,rf,0.9417,0.9478,-0.0061
21,mc.rf_OVERB,rf,0.9427,0.9194,0.0233
21,mc.rf_OVERT,rf,0.9230,0.9185,0.0045
21,mc.rf_OVERTPhi,rf,0.9230,0.9178,0.0052
21,mc.rf_SMOTEB,rf,0.9427,0.9148,0.0279
21,mc.rf_SMOTET,rf,0.9416,0.9168,0.0248
21,mc.rf_SMOTETPhi,rf,0.9434,0.9467,-0.0033
21,mc.rpart,rpart,0.8536,0.9569,-0.1033
21,mc.rpart_UNDERB,rpart,0.8929,0.9612,-0.0683
21,mc.rpart_UNDERT,rpart,0.8907,0.9614,-0.0707
21,mc.rpart_UNDERTPhi,rpart,0.9266,0.9631,-0.0365
21,mc.rpart_OVERB,rpart,0.8985,0.5575,0.3410
21,mc.rpart_OVERT,rpart,0.8961,0.5569,0.3392
21,mc.rpart_OVERTPhi,rpart,0.8958,0.5564,0.3394
21,mc.rpart_SMOTEB,rpart,0.8958,0.5599,0.3359
21,mc.rpart_SMOTET,rpart,0.8967,0.6112,0.2855
21,mc.rpart_SMOTETPhi,rpart,0.9269,0.6104,0.3165
22,mc.lm,lm,0.6202,0.6542,-0.0340
22,mc.lm_UNDERB,lm,0.5751,0.6477,-0.0726
22,mc.lm_UNDERT,lm,0.5750,0.6468,-0.0718
22,mc.lm_UNDERTPhi,lm,0.5527,0.6265,-0.0738
22,mc.lm_OVERB,lm,0.6011,0.6637,-0.0626
22,mc.lm_OVERT,lm,0.6009,0.6619,-0.0610
22,mc.lm_OVERTPhi,lm,0.6023,0.6627,-0.0604
22,mc.lm_SMOTEB,lm,0.6083,0.6550,-0.0467
22,mc.lm_SMOTET,lm,0.4360,0.5939,-0.1579
22,mc.lm_SMOTETPhi,lm,0.4285,0.5921,-0.1636
22,mc.mars,mars,0.5975,0.6739,-0.0764
22,mc.mars_UNDERB,mars,0.5735,0.4889,0.0846
22,mc.mars_UNDERT,mars,0.5725,0.4903,0.0822
22,mc.mars_UNDERTPhi,mars,0.5777,0.4860,0.0917
22,mc.mars_OVERB,mars,0.5616,0.3381,0.2235
22,mc.mars_OVERT,mars,0.5876,0.3500,0.2376
22,mc.mars_OVERTPhi,mars,0.5832,0.3418,0.2414
22,mc.mars_SMOTEB,mars,0.5721,0.3577,0.2144
22,mc.mars_SMOTET,mars,0.5048,0.2547,0.2501
22,mc.mars_SMOTETPhi,mars,0.5124,0.2629,0.2495
23,mc.lm,lm,0.2825,0.2792,0.0033
23,mc.lm_UNDERB,lm,0.3787,0.3403,0.0384
23,mc.lm_UNDERT,lm,0.3783,0.3431,0.0352
23,mc.lm_UNDERTPhi,lm,0.3771,0.3414,0.0357
23,mc.lm_OVERB,lm,0.4011,0.3798,0.0213
23,mc.lm_OVERT,lm,0.3891,0.3880,0.0011
23,mc.lm_OVERTPhi,lm,0.3888,0.3880,0.0008
23,mc.lm_SMOTEB,lm,0.4048,0.3764,0.0284
23,mc.lm_SMOTET,lm,0.3712,0.3562,0.0150
23,mc.lm_SMOTETPhi,lm,0.3711,0.3997,-0.0286
23,mc.mars,mars,0.2698,0.4007,-0.1309
23,mc.mars_UNDERB,mars,0.4053,0.3786,0.0267
23,mc.mars_UNDERT,mars,0.3941,0.3833,0.0108
23,mc.mars_UNDERTPhi,mars,0.3839,0.3946,-0.0107
23,mc.mars_OVERB,mars,0.3721,0.3675,0.0046
23,mc.mars_OVERT,mars,0.3667,0.3615,0.0052
23,mc.mars_OVERTPhi,mars,0.3693,0.3615,0.0078
23,mc.mars_SMOTEB,mars,0.3729,0.3569,0.0160
23,mc.mars_SMOTET,mars,0.3475,0.3165,0.0310
23,mc.mars_SMOTETPhi,mars,0.3454,0.3302,0.0152
24,mc.lm,lm,0.7511,0.7648,-0.0137
24,mc.lm_UNDERB,lm,0.8014,0.7544,0.0470
24,mc.lm_UNDERT,lm,0.8042,0.7506,0.0536
24,mc.lm_UNDERTPhi,lm,0.8046,0.6217,0.1829
24,mc.lm_OVERB,lm,0.8096,0.7385,0.0711
24,mc.lm_OVERT,lm,0.8044,0.7474,0.0570
24,mc.lm_OVERTPhi,lm,0.8043,0.7415,0.0628
24,mc.lm_SMOTEB,lm,0.8105,0.7797,0.0308
24,mc.lm_SMOTET,lm,0.7962,0.7525,0.0437
24,mc.lm_SMOTETPhi,lm,0.7894,0.6144,0.1750
24,mc.mars,mars,0.8293,0.8212,0.0081
24,mc.mars_UNDERB,mars,0.7559,0.8025,-0.0466
24,mc.mars_UNDERT,mars,0.7617,0.8055,-0.0438
24,mc.mars_UNDERTPhi,mars,0.6345,0.7419,-0.1074
24,mc.mars_OVERB,mars,0.7653,0.6612,0.1041
24,mc.mars_OVERT,mars,0.7758,0.6659,0.1099
24,mc.mars_OVERTPhi,mars,0.7741,0.6633,0.1108
24,mc.mars_SMOTEB,mars,0.7983,0.8101,-0.0118
24,mc.mars_SMOTET,mars,0.7629,0.7942,-0.0313
24,mc.mars_SMOTETPhi,mars,0.6501,0.6893,-0.0392
