ds,mc.BDES,mc.arima,mc.lm,mc.lm_OVERB,mc.lm_OVERT,mc.lm_OVERTPhi,mc.lm_SMOTEB,mc.lm_SMOTET,mc.lm_SMOTETPhi,mc.lm_UNDERB,mc.lm_UNDERT,mc.lm_UNDERTPhi,mc.mars,mc.mars_OVERB,mc.mars_OVERT,mc.mars_OVERTPhi,mc.mars_SMOTEB,mc.mars_SMOTET,mc.mars_SMOTETPhi,mc.mars_UNDERB,mc.mars_UNDERT,mc.mars_UNDERTPhi,mc.rf,mc.rf_OVERB,mc.rf_OVERT,mc.rf_OVERTPhi,mc.rf_SMOTEB,mc.rf_SMOTET,mc.rf_SMOTETPhi,mc.rf_UNDERB,mc.rf_UNDERT,mc.rf_UNDERTPhi,mc.rpart,mc.rpart_OVERB,mc.rpart_OVERT,mc.rpart_OVERTPhi,mc.rpart_SMOTEB,mc.rpart_SMOTET,mc.rpart_SMOTETPhi,mc.rpart_UNDERB,mc.rpart_UNDERT,mc.rpart_UNDERTPhi,mc.svm,mc.svm_OVERB,mc.svm_OVERT,mc.svm_OVERTPhi,mc.svm_SMOTEB,mc.svm_SMOTET,mc.svm_SMOTETPhi,mc.svm_UNDERB,mc.svm_UNDERT,mc.svm_UNDERTPhi
1,0.0000,0.0000,0.0000,0.5348,0.5449,0.5428,0.5178,0.5077,0.5104,0.5338,0.5291,0.5264,0.2308,0.5147,0.5094,0.5091,0.4951,0.5184,0.5115,0.4891,0.4894,0.5155,0.0062,0.2012,0.1724,0.1918,0.4718,0.4921,0.4973,0.2747,0.2155,0.3397,0.4321,0.4566,0.4481,0.4503,0.4673,0.4650,0.4675,0.4707,0.4673,0.4600,0.4135,0.4508,0.4463,0.4518,0.4392,0.4464,0.4556,0.4494,0.4622,0.4712
2,0.0000,0.0000,0.0000,0.6012,0.5868,0.5880,0.5711,0.5585,0.5603,0.5912,0.5903,0.5910,0.1266,0.4998,0.5011,0.5091,0.4891,0.4940,0.5006,0.5173,0.5082,0.4881,0.0000,0.2374,0.1878,0.1614,0.4888,0.5035,0.5056,0.2914,0.3197,0.3373,0.4588,0.4180,0.4343,0.4395,0.4409,0.4549,0.4510,0.4423,0.4309,0.4371,0.1995,0.5041,0.4816,0.4828,0.4772,0.4971,0.4954,0.4780,0.4781,0.4969
3,0.0000,0.1499,0.1000,0.6317,0.6484,0.6465,0.5976,0.5750,0.5761,0.6054,0.6068,0.6018,0.0937,0.5758,0.5609,0.5675,0.5618,0.5477,0.5593,0.5189,0.5341,0.5338,0.0000,0.3081,0.1960,0.1679,0.5077,0.4777,0.4811,0.4154,0.3862,0.4294,0.5153,0.4708,0.4459,0.4658,0.4840,0.4612,0.4682,0.4986,0.4822,0.5036,0.5223,0.5195,0.5249,0.5278,0.4955,0.5104,0.4886,0.5017,0.4937,0.4900
4,0.6273,0.5679,0.5767,0.5625,0.5555,0.5567,0.5414,0.5535,0.5420,0.5509,0.5510,0.5359,0.5124,0.4851,0.5063,0.5021,0.4911,0.5015,0.4969,0.4599,0.4630,0.4590,0.5630,0.5672,0.5666,0.5667,0.5522,0.5600,0.5479,0.5502,0.5560,0.5524,0.5329,0.5928,0.5852,0.5881,0.5749,0.5615,0.5667,0.5629,0.5752,0.5641,0.5496,0.4429,0.4364,0.4343,0.4216,0.4484,0.4352,0.4471,0.4600,0.4534
5,0.2563,0.0705,0.3447,0.4811,0.4780,0.4777,0.4950,0.4917,0.4923,0.4870,0.4868,0.4918,0.4114,0.4965,0.4877,0.4970,0.5020,0.5099,0.5068,0.5139,0.5130,0.5156,0.4182,0.4524,0.4524,0.4545,0.5196,0.5037,0.5082,0.5536,0.5537,0.5521,0.3913,0.5377,0.5321,0.5305,0.5207,0.5062,0.5087,0.5191,0.5183,0.5185,0.4025,0.5246,0.5142,0.5134,0.5173,0.5137,0.5140,0.5251,0.5235,0.5270
6,0.0000,0.0000,0.0000,0.4318,0.4337,0.4356,0.4479,0.4478,0.4490,0.4319,0.4310,0.4369,0.2122,0.4457,0.4403,0.4417,0.4611,0.4517,0.4558,0.4448,0.4431,0.4484,0.1107,0.3935,0.3707,0.3762,0.4741,0.4610,0.4672,0.4833,0.4823,0.4856,0.3824,0.4385,0.4323,0.4352,0.4562,0.4405,0.4514,0.4297,0.4321,0.4434,0.3483,0.4539,0.4394,0.4406,0.4669,0.4523,0.4560,0.4440,0.4449,0.4655
7,0.0000,0.3964,0.5415,0.5374,0.5369,0.5373,0.5479,0.5529,0.5532,0.5385,0.5383,0.5402,0.4764,0.5348,0.5340,0.5345,0.5467,0.5501,0.5504,0.5352,0.5334,0.5396,0.5075,0.5216,0.5228,0.5212,0.5437,0.5446,0.5524,0.5636,0.5629,0.5701,0.5133,0.5163,0.5087,0.5060,0.5221,0.5023,0.5117,0.5298,0.5276,0.5404,0.4561,0.5061,0.5002,0.4996,0.5104,0.5091,0.5078,0.5143,0.5125,0.5288
8,0.4736,0.5013,0.5026,0.4795,0.4834,0.4828,0.4755,0.4891,0.4809,0.4944,0.4973,0.4981,0.5874,0.6576,0.6515,0.6510,0.6628,0.5864,0.6108,0.6385,0.6433,0.6549,0.6982,0.7113,0.7122,0.7114,0.7205,0.7122,0.7119,0.7154,0.7144,0.7142,0.6428,0.6666,0.6736,0.6727,0.6721,0.6513,0.6485,0.6604,0.6612,0.6553,0.6485,0.6471,0.6578,0.6584,0.6250,0.6187,0.5814,0.6324,0.6345,0.6118
9,0.2957,0.2690,0.2458,0.2434,0.2317,0.2305,0.2406,0.2457,0.2453,0.2352,0.2346,0.2368,0.2700,0.2639,0.2705,0.2638,0.2794,0.2808,0.2888,0.2641,0.2633,0.2826,0.2348,0.2274,0.2292,0.2273,0.2697,0.2805,0.2766,0.2461,0.2468,0.2498,0.3073,0.2627,0.2609,0.2634,0.2958,0.2815,0.2843,0.3040,0.2955,0.2983,0.2906,0.2851,0.2873,0.2922,0.2898,0.2805,0.2779,0.2933,0.2956,0.2812
10,0.0000,0.0000,0.0000,0.6691,0.6705,0.6702,0.6658,0.6476,0.6439,0.6467,0.6497,0.6491,0.1624,0.6072,0.6008,0.6108,0.6119,0.5997,0.6177,0.5146,0.4656,0.6282,0.0000,0.4519,0.6201,0.6133,0.6204,0.6270,0.6406,0.6495,0.6507,0.6483,0.5430,0.5583,0.5576,0.5546,0.5678,0.5680,0.6033,0.6004,0.6014,0.6225,0.5893,0.5926,0.6015,0.6001,0.5913,0.5773,0.6063,0.5795,0.5730,0.6118
11,0.2565,0.2845,0.2408,0.4458,0.4558,0.4552,0.4746,0.4636,0.4588,0.4467,0.4488,0.4407,0.3888,0.4387,0.4293,0.4248,0.4535,0.4353,0.4284,0.4122,0.4115,0.4146,0.3671,0.4114,0.4027,0.4057,0.4362,0.4239,0.4234,0.4340,0.4359,0.4336,0.4177,0.3803,0.3846,0.3830,0.3925,0.3898,0.3912,0.4136,0.4103,0.4033,0.4255,0.4669,0.4602,0.4571,0.4656,0.4556,0.4464,0.4670,0.4731,0.4767
12,0.0000,0.4459,0.4286,0.6278,0.6269,0.6265,0.6144,0.6082,0.6050,0.6215,0.6211,0.6235,0.5202,0.5875,0.5932,0.5902,0.5839,0.5768,0.5673,0.5729,0.5708,0.5778,0.4450,0.4927,0.4348,0.4321,0.5169,0.5151,0.5242,0.5162,0.5196,0.5232,0.4758,0.4317,0.4383,0.4392,0.4762,0.4782,0.4912,0.4692,0.4602,0.4719,0.5571,0.5347,0.5435,0.5403,0.5215,0.5108,0.5074,0.5156,0.5203,0.5233
13,0.0000,0.5213,0.5206,0.6115,0.6114,0.6115,0.5928,0.5826,0.5818,0.6058,0.6090,0.6033,0.5328,0.5754,0.5562,0.5549,0.5543,0.5426,0.5522,0.5569,0.5562,0.5565,0.4249,0.5440,0.5153,0.5187,0.5712,0.5568,0.5643,0.5728,0.5808,0.5784,0.5167,0.4882,0.4710,0.4699,0.4991,0.5048,0.5109,0.5001,0.5125,0.5053,0.5778,0.5512,0.5338,0.5348,0.5206,0.5397,0.5333,0.5547,0.5513,0.5581
14,0.0000,0.0000,0.0000,0.3627,0.3641,0.3727,0.3549,0.3514,0.3546,0.3312,0.3525,0.3443,0.2257,0.4067,0.3988,0.3952,0.3902,0.3889,0.3843,0.3110,0.3148,0.3083,0.0733,0.1649,0.1755,0.1570,0.3946,0.3765,0.3851,0.1658,0.1795,0.1872,0.3586,0.3964,0.3888,0.3835,0.3893,0.3945,0.3998,0.3864,0.3818,0.3931,0.2218,0.3470,0.3526,0.3493,0.3595,0.3296,0.3399,0.3580,0.3541,0.3481
15,0.0000,0.0000,0.0000,0.2787,0.2418,0.2239,0.3558,0.3459,0.3540,0.3113,0.3323,0.3565,0.1168,0.3296,0.3606,0.3537,0.3330,0.3339,0.3293,0.1508,0.1709,0.1703,0.0043,0.0226,0.0087,0.0098,0.1800,0.2558,0.2736,0.0263,0.0233,0.0167,0.2776,0.3728,0.3900,0.3706,0.3334,0.3430,0.3506,0.3557,0.3389,0.3634,0.2219,0.2977,0.3230,0.3387,0.3078,0.3157,0.3022,0.3241,0.3143,0.3158
16,0.0000,0.0000,0.0000,0.3372,0.3312,0.3346,0.3704,0.3597,0.3632,0.3520,0.3627,0.3586,0.1928,0.3566,0.3467,0.3442,0.3732,0.3537,0.3508,0.0891,0.1320,0.1351,0.0190,0.1528,0.1751,0.1509,0.3890,0.3221,0.3331,0.1442,0.1846,0.2059,0.2681,0.3723,0.3809,0.3667,0.3862,0.3600,0.3653,0.3752,0.3566,0.3679,0.3722,0.3774,0.3809,0.3808,0.3663,0.3540,0.3578,0.3786,0.3827,0.3662
17,0.0000,0.0000,0.0000,0.2756,0.2098,0.2334,0.3856,0.3660,0.3671,0.2543,0.3129,0.3471,0.2021,0.3738,0.3852,0.3788,0.3676,0.3460,0.3665,0.2205,0.2535,0.2006,0.0000,0.1561,0.1436,0.1695,0.3426,0.2808,0.3440,0.0878,0.1043,0.0877,0.4174,0.4017,0.3971,0.3985,0.3959,0.3762,0.3864,0.3951,0.3866,0.4026,0.3034,0.4193,0.4324,0.4322,0.3923,0.3624,0.3591,0.3811,0.3872,0.3762
18,0.0000,0.0000,0.0000,0.2564,0.2956,0.3141,0.3501,0.3536,0.3251,0.2815,0.2411,0.2941,0.0868,0.3300,0.3562,0.3320,0.3743,0.3697,0.3541,0.1048,0.1250,0.1112,0.0000,0.0775,0.0345,0.0556,0.3892,0.3456,0.3536,0.0864,0.0919,0.1082,0.3558,0.3649,0.3647,0.3728,0.3574,0.3650,0.3513,0.3656,0.3630,0.3657,0.2506,0.3371,0.3297,0.3103,0.3205,0.3369,0.3289,0.3335,0.3391,0.3392
19,0.0000,0.0000,0.0000,0.3595,0.3580,0.3547,0.3580,0.3614,0.3542,0.3543,0.3506,0.3451,0.1725,0.3243,0.3337,0.3256,0.3216,0.3387,0.3225,0.1258,0.1543,0.1355,0.0230,0.0538,0.0307,0.0443,0.3316,0.2780,0.2804,0.0751,0.0753,0.1246,0.3264,0.3517,0.3458,0.3564,0.3473,0.3279,0.3220,0.3374,0.3358,0.3377,0.3739,0.3578,0.3547,0.3492,0.3273,0.3339,0.3454,0.3296,0.3407,0.3302
20,0.0000,0.0000,0.0000,0.3364,0.3082,0.3093,0.3554,0.3590,0.3498,0.3641,0.3558,0.3508,0.2081,0.3551,0.3535,0.3410,0.3203,0.3396,0.3237,0.0475,0.0589,0.0621,0.0000,0.1015,0.0850,0.0745,0.3751,0.3191,0.3477,0.0910,0.0898,0.1629,0.3490,0.3689,0.3655,0.3606,0.3419,0.3392,0.3584,0.3219,0.3481,0.3486,0.1976,0.3279,0.3166,0.3287,0.3049,0.3229,0.3443,0.3137,0.2824,0.3136
21,0.2432,0.9369,0.9379,0.9419,0.9420,0.9420,0.9419,0.9415,0.9417,0.9419,0.9418,0.9419,0.9401,0.9386,0.9387,0.9388,0.9387,0.9383,0.9419,0.9387,0.9384,0.9425,0.9439,0.9427,0.9230,0.9230,0.9427,0.9416,0.9434,0.9285,0.9301,0.9417,0.8536,0.8985,0.8961,0.8958,0.8958,0.8967,0.9269,0.8929,0.8907,0.9266,0.9421,0.9429,0.9429,0.9428,0.9426,0.9422,0.9439,0.9405,0.9407,0.9430
22,0.3806,0.5655,0.6202,0.6011,0.6009,0.6023,0.6083,0.4360,0.4285,0.5751,0.5750,0.5527,0.5975,0.5616,0.5876,0.5832,0.5721,0.5048,0.5124,0.5735,0.5725,0.5777,0.6504,0.6619,0.6576,0.6583,0.6424,0.5697,0.5715,0.6410,0.6398,0.6329,0.5933,0.6090,0.6176,0.6248,0.6004,0.4688,0.4993,0.5893,0.5854,0.5766,0.6526,0.5069,0.5275,0.5164,0.5366,0.3984,0.4095,0.4757,0.4754,0.4770
23,0.1464,0.2920,0.2825,0.4011,0.3891,0.3888,0.4048,0.3712,0.3711,0.3787,0.3783,0.3771,0.2698,0.3721,0.3667,0.3693,0.3729,0.3475,0.3454,0.4053,0.3941,0.3839,0.2582,0.3414,0.3489,0.3491,0.4100,0.4116,0.4004,0.4325,0.4294,0.4114,0.2427,0.3684,0.3749,0.3777,0.3972,0.3699,0.3748,0.3792,0.3808,0.3732,0.3683,0.4097,0.4022,0.4017,0.4099,0.3999,0.3953,0.4388,0.4342,0.4279
24,0.2003,0.7656,0.7511,0.8096,0.8044,0.8043,0.8105,0.7962,0.7894,0.8014,0.8042,0.8046,0.8293,0.7653,0.7758,0.7741,0.7983,0.7629,0.6501,0.7559,0.7617,0.6345,0.7826,0.7557,0.7736,0.7739,0.8060,0.7752,0.6244,0.7761,0.7756,0.6255,0.6649,0.8030,0.7992,0.7963,0.7739,0.7323,0.6437,0.7353,0.7311,0.6313,0.8349,0.8144,0.8037,0.8025,0.8238,0.8105,0.7135,0.8183,0.8179,0.7540
