task,model,prec,rec,F1
ds1,mc.lm,1e-05,0.4565015055114719,1.9999561015847144e-05
ds1,mc.lm_UNDERB,0.5436548767071384,0.5266585805478553,0.5337692073310195
ds1,mc.lm_UNDERT,0.5378583290666782,0.5234334251255942,0.5291461861198978
ds1,mc.lm_UNDERTPhi,0.5241272257432816,0.5304659920550531,0.5263947650468297
ds1,mc.lm_OVERB,0.5546917372457882,0.5175693618917367,0.5348441996214555
ds1,mc.lm_OVERT,0.5838115951760228,0.5130437915841997,0.5449478887150354
ds1,mc.lm_OVERTPhi,0.5811829266861609,0.5113576836131735,0.5428282348327276
ds1,mc.lm_SMOTEB,0.5106721763862203,0.5267945161149552,0.5177754227318565
ds1,mc.lm_SMOTET,0.4808920757836831,0.5393395735241943,0.5077452124282773
ds1,mc.lm_SMOTETPhi,0.4832302629104079,0.5425501370519854,0.510399467245281
ds1,mc.svm,0.40060388489632087,0.48414848916052444,0.4135172888550659
ds1,mc.svm_UNDERB,0.4095851384950294,0.502630163825609,0.4493904120413814
ds1,mc.svm_UNDERT,0.42219030205791525,0.5130543152384316,0.4622133383293904
ds1,mc.svm_UNDERTPhi,0.4222786301057551,0.5366143538283478,0.47115125855787937
ds1,mc.svm_OVERB,0.41286475305268233,0.4987666562006156,0.45082415830353495
ds1,mc.svm_OVERT,0.4096280062618737,0.49427449855042255,0.4463412372935931
ds1,mc.svm_OVERTPhi,0.4166491262372928,0.4954949953424195,0.4518447038804855
ds1,mc.svm_SMOTEB,0.3895960476276095,0.5058415338724523,0.43916750867231386
ds1,mc.svm_SMOTET,0.3982592408967771,0.5102797999625794,0.446439786387759
ds1,mc.svm_SMOTETPhi,0.4003740789497312,0.5303917820307603,0.4555844634745689
ds1,mc.mars,0.2468351307136405,0.46654736821107756,0.23075396026832493
ds1,mc.mars_UNDERB,0.4579360810409647,0.5303974362639567,0.48914114468545705
ds1,mc.mars_UNDERT,0.4532607047031439,0.5423764328297673,0.4894331704546241
ds1,mc.mars_UNDERTPhi,0.48272478334525104,0.5614534493025597,0.5155238222685223
ds1,mc.mars_OVERB,0.4871148624768801,0.5500774676686109,0.5147212085052207
ds1,mc.mars_OVERT,0.4987567711447998,0.5230384388111448,0.5094076652262696
ds1,mc.mars_OVERTPhi,0.4959265285387315,0.5248589576771656,0.5091045434816756
ds1,mc.mars_SMOTEB,0.4429978164237186,0.5641243765378181,0.4950964656679793
ds1,mc.mars_SMOTET,0.46260619495333777,0.5934746086477347,0.5183942488832627
ds1,mc.mars_SMOTETPhi,0.45168069973182,0.5948724021157592,0.5115304044729687
ds1,mc.rf,0.0048571962833617805,0.4457260081265303,0.006155989181458868
ds1,mc.rf_UNDERB,0.23327940546729745,0.5133869522647067,0.27473751162128757
ds1,mc.rf_UNDERT,0.18952582584829375,0.511371940762634,0.2155169582363444
ds1,mc.rf_UNDERTPhi,0.30939858503974044,0.526367728331999,0.33966976628689827
ds1,mc.rf_OVERB,0.16791191609308093,0.4475346112926455,0.20121083534339249
ds1,mc.rf_OVERT,0.1498305081385247,0.4533699064415711,0.17235270329853808
ds1,mc.rf_OVERTPhi,0.1612446760448604,0.4521244404215413,0.19181054597665897
ds1,mc.rf_SMOTEB,0.4531898769963309,0.5023830134913405,0.47181120725621867
ds1,mc.rf_SMOTET,0.4817132819480701,0.50796345357437,0.4921038655120977
ds1,mc.rf_SMOTETPhi,0.4806378734548652,0.5180958162442805,0.49726853598267134
ds1,mc.rpart,0.4279331321191955,0.4452548469771049,0.43205651801387324
ds1,mc.rpart_UNDERB,0.4103390284629855,0.5578069069904635,0.47072367439154505
ds1,mc.rpart_UNDERT,0.40760541362243335,0.5545437167223125,0.46734421973617735
ds1,mc.rpart_UNDERTPhi,0.4050300479538474,0.552593371333335,0.4599638444017804
ds1,mc.rpart_OVERB,0.44612826535042155,0.4702520286911709,0.45661845282064556
ds1,mc.rpart_OVERT,0.42894142386911827,0.4735527059718168,0.4480855432902366
ds1,mc.rpart_OVERTPhi,0.4311661784428673,0.4754381750520911,0.4502971218569782
ds1,mc.rpart_SMOTEB,0.41620746564071853,0.5373406787405448,0.4672834722335497
ds1,mc.rpart_SMOTET,0.41999664719543495,0.5277900175124354,0.46498016065108644
ds1,mc.rpart_SMOTETPhi,0.417973565316111,0.5379958739438186,0.4675058957237763
ds1,mc.arima,1e-05,0.46585084380299085,1.9999570067404116e-05
ds1,mc.BDES,1e-05,0.4596871832557231,1.9999564618578348e-05
ds10,mc.lm,1e-05,0.6388667594984339,1.9999686941556718e-05
ds10,mc.lm_UNDERB,0.5353263207784764,0.8172435406444098,0.6466528515628639
ds10,mc.lm_UNDERT,0.5388302227881396,0.819072983681935,0.6496624773739218
ds10,mc.lm_UNDERTPhi,0.5137776492344552,0.8818976361822881,0.6491080688928841
ds10,mc.lm_OVERB,0.5660828780898951,0.8180127014427911,0.6690501416958992
ds10,mc.lm_OVERT,0.5702772726878894,0.813750842788472,0.6704893482564631
ds10,mc.lm_OVERTPhi,0.569882250004268,0.8137509437700321,0.6702154134559933
ds10,mc.lm_SMOTEB,0.562677710163921,0.8153651974480917,0.6657585369751082
ds10,mc.lm_SMOTET,0.5366143640905416,0.8169440871784083,0.6476405977149384
ds10,mc.lm_SMOTETPhi,0.5098998978483272,0.8738657116056595,0.6439184587699969
ds10,mc.svm,0.5703737638092066,0.6424891633938674,0.5892529613442637
ds10,mc.svm_UNDERB,0.470303372598541,0.7560580433671015,0.5795430606949975
ds10,mc.svm_UNDERT,0.467912273893691,0.7409752182078568,0.5729737817355202
ds10,mc.svm_UNDERTPhi,0.47982007064288945,0.8446611583338514,0.611834886135734
ds10,mc.svm_OVERB,0.513698204350845,0.7006624779581321,0.5925974599838694
ds10,mc.svm_OVERT,0.5217194638072828,0.7103321420112515,0.6014689834674368
ds10,mc.svm_OVERTPhi,0.5202084811060295,0.7093930862459266,0.6000793167841266
ds10,mc.svm_SMOTEB,0.5131216549997295,0.6980706339426235,0.5912599554353181
ds10,mc.svm_SMOTET,0.5027616465260062,0.6790838809895606,0.5772821006011359
ds10,mc.svm_SMOTETPhi,0.49816073528302973,0.7758626995907956,0.606349623223705
ds10,mc.mars,0.14530353782892214,0.6297499574076082,0.16241310503344686
ds10,mc.mars_UNDERB,0.4206369534393628,0.7545754430984476,0.5146082432016191
ds10,mc.mars_UNDERT,0.3815789350632327,0.7702034443122742,0.4655691626562749
ds10,mc.mars_UNDERTPhi,0.49420593266645896,0.8627792915955219,0.6281980276701108
ds10,mc.mars_OVERB,0.517493881247917,0.7352064715045052,0.6071689285590423
ds10,mc.mars_OVERT,0.5185491152057429,0.7149580876702495,0.6007595539176106
ds10,mc.mars_OVERTPhi,0.5308720361623586,0.7206527299650952,0.6107884763520706
ds10,mc.mars_SMOTEB,0.5286524567747245,0.7271518360956645,0.6118874330114558
ds10,mc.mars_SMOTET,0.5154521522404316,0.7182943661767198,0.5996810568890798
ds10,mc.mars_SMOTETPhi,0.5002784659397037,0.8080291630714158,0.6176756824719805
ds10,mc.rf,1e-05,0.6213709523306942,1.9999678110209307e-05
ds10,mc.rf_UNDERB,0.5449519765479399,0.8060902848502925,0.6494802985084415
ds10,mc.rf_UNDERT,0.5480564903310129,0.8019130270553981,0.6507113312485373
ds10,mc.rf_UNDERTPhi,0.5084676647777031,0.894572970712812,0.6482846509258715
ds10,mc.rf_OVERB,0.48816937765210144,0.6396044726538674,0.4519068371900869
ds10,mc.rf_OVERT,0.7152068155401485,0.6300281851532306,0.6200640144874626
ds10,mc.rf_OVERTPhi,0.7132680767706705,0.6298944102644771,0.6133449337286347
ds10,mc.rf_SMOTEB,0.5872260732484108,0.6759485299791019,0.6204367515758278
ds10,mc.rf_SMOTET,0.5903457487643864,0.6715729700467504,0.626967793731265
ds10,mc.rf_SMOTETPhi,0.5285140268068864,0.8141637899826931,0.6405653298798325
ds10,mc.rpart,0.5174658973139421,0.6244318615001528,0.5429610572411309
ds10,mc.rpart_UNDERB,0.48360269150558055,0.7930416282050468,0.6004322774125853
ds10,mc.rpart_UNDERT,0.48681570197186685,0.7877200675468375,0.6013627911623644
ds10,mc.rpart_UNDERTPhi,0.48492126768563937,0.8698620671831512,0.6225057127948775
ds10,mc.rpart_OVERB,0.510005555979664,0.618385372422064,0.5583059255076234
ds10,mc.rpart_OVERT,0.5112425607613017,0.6151112969201636,0.5575834633984594
ds10,mc.rpart_OVERTPhi,0.5096951942534848,0.6094843614712678,0.5546296911268721
ds10,mc.rpart_SMOTEB,0.49189748847840464,0.672778281001177,0.5677739637261306
ds10,mc.rpart_SMOTET,0.49532090347133445,0.6671793208648505,0.5679947280458579
ds10,mc.rpart_SMOTETPhi,0.4851715359175239,0.7979180222058495,0.6032691168789283
ds10,mc.arima,1e-05,0.6382279196974027,1.999968662712649e-05
ds10,mc.BDES,1e-05,0.6200328935557677,1.999967742318903e-05
ds11,mc.lm,0.2678270963782078,0.38604297031470886,0.24082253557787558
ds11,mc.lm_UNDERB,0.4283267357270441,0.46805414858493655,0.4466910879387702
ds11,mc.lm_UNDERT,0.43168074229589537,0.4683810827094311,0.44881073504912244
ds11,mc.lm_UNDERTPhi,0.4185673462359004,0.46720740989244797,0.44069147004638975
ds11,mc.lm_OVERB,0.4266270803057829,0.4678863044832504,0.4457621474146602
ds11,mc.lm_OVERT,0.4389583378519503,0.47458830982039196,0.45584113936366405
ds11,mc.lm_OVERTPhi,0.4391634510264341,0.47274520399790115,0.45517433651890116
ds11,mc.lm_SMOTEB,0.4441120340450736,0.5108866196288384,0.474639777068785
ds11,mc.lm_SMOTET,0.4404539792332108,0.49073067201932985,0.4635660921176751
ds11,mc.lm_SMOTETPhi,0.43339773247373503,0.48881355992714004,0.4588491078443614
ds11,mc.svm,0.5778303677491236,0.392252373429619,0.42547619718239643
ds11,mc.svm_UNDERB,0.4444775896407433,0.49427293676958894,0.46701583482015957
ds11,mc.svm_UNDERT,0.45050406791798153,0.500509898607351,0.4730696628834154
ds11,mc.svm_UNDERTPhi,0.44822238084775523,0.5104832746243104,0.47665513768487755
ds11,mc.svm_OVERB,0.4288311455822313,0.5135307076871053,0.4668935950424507
ds11,mc.svm_OVERT,0.4212358403427557,0.5083899878545283,0.460158254735615
ds11,mc.svm_OVERTPhi,0.4190064897670934,0.5038464288636825,0.45713917534967297
ds11,mc.svm_SMOTEB,0.4136870860613906,0.5337229939684924,0.46556823231737077
ds11,mc.svm_SMOTET,0.4000262306784985,0.5301718586007872,0.4556294813198698
ds11,mc.svm_SMOTETPhi,0.3886226115344379,0.5257007666318677,0.44642206939683016
ds11,mc.mars,0.41995929548227096,0.389001752574764,0.38878782827608716
ds11,mc.mars_UNDERB,0.396446023692466,0.43210903169339604,0.4121633039457783
ds11,mc.mars_UNDERT,0.3919724614838277,0.4352506403368347,0.41154393716114007
ds11,mc.mars_UNDERTPhi,0.4042902002279466,0.42865273536057347,0.41461912500355974
ds11,mc.mars_OVERB,0.42345828364463245,0.4569093526041529,0.4387208576392085
ds11,mc.mars_OVERT,0.41659029419291116,0.4441312609790344,0.42933043911534297
ds11,mc.mars_OVERTPhi,0.4146602054653381,0.43733856694259154,0.42478164472908747
ds11,mc.mars_SMOTEB,0.4195563743506321,0.4952774668235513,0.4535391871508281
ds11,mc.mars_SMOTET,0.3951580197845512,0.4855864460973175,0.4353086847598446
ds11,mc.mars_SMOTETPhi,0.39293984472077226,0.4717432122748972,0.4283525963989827
ds11,mc.rf,0.40730923094547367,0.3816213802064135,0.3670690342531948
ds11,mc.rf_UNDERB,0.4569384057116356,0.4220589450132759,0.4340246126075817
ds11,mc.rf_UNDERT,0.45852131401291446,0.42444213387922963,0.43594549450218506
ds11,mc.rf_UNDERTPhi,0.44888693263681406,0.42534575025358967,0.43363096077953306
ds11,mc.rf_OVERB,0.4365226329044047,0.39649413412920703,0.4113689345044025
ds11,mc.rf_OVERT,0.4287425404370346,0.3925440208348291,0.40269421113051324
ds11,mc.rf_OVERTPhi,0.43321492878850365,0.3905014824367249,0.4056978589108587
ds11,mc.rf_SMOTEB,0.446106604031272,0.43143780992291897,0.4362434039542011
ds11,mc.rf_SMOTET,0.4165095702884617,0.4347261909651964,0.4238770735920604
ds11,mc.rf_SMOTETPhi,0.4114515816183137,0.4378450917070644,0.4233954105140621
ds11,mc.rpart,0.45649886678280155,0.3888358482249325,0.41768713625123427
ds11,mc.rpart_UNDERB,0.4005813260799376,0.42911003999169145,0.4135574852041903
ds11,mc.rpart_UNDERT,0.39611579543671666,0.42757529986659504,0.4103239694787748
ds11,mc.rpart_UNDERTPhi,0.3881114425133971,0.42173458136745623,0.4033081725635623
ds11,mc.rpart_OVERB,0.3607257646307037,0.40298479919755686,0.38028119203092653
ds11,mc.rpart_OVERT,0.3682711970121836,0.4039875834684768,0.38462875630435456
ds11,mc.rpart_OVERTPhi,0.36771706726248765,0.4012488247696288,0.38299653392995153
ds11,mc.rpart_SMOTEB,0.3604898245750246,0.43242904768839446,0.3925340105627666
ds11,mc.rpart_SMOTET,0.35588412884956844,0.4325546196172861,0.3897801268470416
ds11,mc.rpart_SMOTETPhi,0.3556428967870695,0.4361458589582427,0.3911574544325475
ds11,mc.arima,0.32389234729564526,0.3892208135816974,0.2844903433036419
ds11,mc.BDES,0.2852782780420047,0.38680148456201524,0.25650742782192626
ds12,mc.lm,0.39276449025148324,0.5073149123299688,0.4286299799447192
ds12,mc.lm_UNDERB,0.5924042623899715,0.6542607680176618,0.6215469835602963
ds12,mc.lm_UNDERT,0.5878332640712762,0.6594212372068479,0.6210864346569916
ds12,mc.lm_UNDERTPhi,0.5819945678953915,0.6722794418430732,0.6234565368212407
ds12,mc.lm_OVERB,0.6040710630715546,0.6540871983070347,0.6278165067465161
ds12,mc.lm_OVERT,0.605306240954903,0.6504824426658894,0.6269228487623476
ds12,mc.lm_OVERTPhi,0.6049764490968379,0.6501113436041165,0.626518984071832
ds12,mc.lm_SMOTEB,0.5591233731836105,0.682725686304447,0.6144097254887876
ds12,mc.lm_SMOTET,0.5431698528358466,0.6918955973086662,0.6082295367394717
ds12,mc.lm_SMOTETPhi,0.5326437251015768,0.7014394118612085,0.6049989791971524
ds12,mc.svm,0.6040239727762429,0.5188879611477568,0.5570510980542484
ds12,mc.svm_UNDERB,0.4584486890717804,0.590639311129542,0.5156395711703015
ds12,mc.svm_UNDERT,0.46193698976164116,0.5971788810649077,0.5203019432211555
ds12,mc.svm_UNDERTPhi,0.46105075135106943,0.6061836757486192,0.5233342319857044
ds12,mc.svm_OVERB,0.49072980828939144,0.5883245220111821,0.5347398380140075
ds12,mc.svm_OVERT,0.5012175774442793,0.595153882309567,0.543539087087371
ds12,mc.svm_OVERTPhi,0.49640215732375886,0.5940883846061338,0.5403332505324697
ds12,mc.svm_SMOTEB,0.45516029081453796,0.6113837823135553,0.5215354446431841
ds12,mc.svm_SMOTET,0.44906029910469103,0.593757474093932,0.5108452698565389
ds12,mc.svm_SMOTETPhi,0.43863622549871645,0.6031487613667171,0.5073720045275799
ds12,mc.mars,0.550159887918539,0.5016286033021585,0.5202495412899154
ds12,mc.mars_UNDERB,0.5354175366974065,0.6172168589908447,0.5729000712269275
ds12,mc.mars_UNDERT,0.5326972345549185,0.6158357169265161,0.5708318783187034
ds12,mc.mars_UNDERTPhi,0.5382197641317461,0.6252069935048646,0.5777653457712766
ds12,mc.mars_OVERB,0.560182411589553,0.618298786052807,0.5874572873970204
ds12,mc.mars_OVERT,0.5654249561666662,0.624623561506964,0.593176047141252
ds12,mc.mars_OVERTPhi,0.5621369959362239,0.6222775718285998,0.590151848611688
ds12,mc.mars_SMOTEB,0.5292832379499949,0.6526233366999165,0.5839491708774563
ds12,mc.mars_SMOTET,0.5212824353098292,0.647140709665491,0.5768027980467619
ds12,mc.mars_SMOTETPhi,0.5086239819943406,0.6425947895029772,0.5673138327642345
ds12,mc.rf,0.4644004361570295,0.46583704579016255,0.444993614157469
ds12,mc.rf_UNDERB,0.5007880331355256,0.534539607801097,0.516204480969387
ds12,mc.rf_UNDERT,0.5076536359201819,0.533338644608405,0.5195910195970795
ds12,mc.rf_UNDERTPhi,0.5079715175303592,0.5409210812319488,0.5232456838475801
ds12,mc.rf_OVERB,0.5257053153703611,0.47425138037104647,0.49269350737461914
ds12,mc.rf_OVERT,0.4796017658403406,0.4708081519975824,0.4347864289438298
ds12,mc.rf_OVERTPhi,0.4610745852245612,0.47023296752468957,0.432125925356249
ds12,mc.rf_SMOTEB,0.4926510246507892,0.5449039164853902,0.5169260746752898
ds12,mc.rf_SMOTET,0.4790843759607498,0.5583905058385153,0.5151282560602912
ds12,mc.rf_SMOTETPhi,0.48208976366981887,0.5760997669084363,0.5241913337883279
ds12,mc.rpart,0.4651045002844584,0.48968305835909887,0.4757876466187831
ds12,mc.rpart_UNDERB,0.417443717591912,0.5375589558922453,0.4692471467904319
ds12,mc.rpart_UNDERT,0.41453791289242203,0.5189874334260947,0.4601939937883524
ds12,mc.rpart_UNDERTPhi,0.4160392740802969,0.5467412920882573,0.47188454338225333
ds12,mc.rpart_OVERB,0.4128091985627071,0.4532794990215553,0.431701064183411
ds12,mc.rpart_OVERT,0.4238525913724643,0.45485414215712355,0.4383158000716221
ds12,mc.rpart_OVERTPhi,0.424733714208459,0.45533255621436164,0.43915669590952466
ds12,mc.rpart_SMOTEB,0.42287133206100563,0.5463003760773337,0.4762495011662202
ds12,mc.rpart_SMOTET,0.4226522682035451,0.551810075679095,0.47824243072348516
ds12,mc.rpart_SMOTETPhi,0.42278266861165437,0.5878288490463933,0.4911946407256616
ds12,mc.arima,0.4103621070369782,0.4886631724282256,0.44586391989051266
ds12,mc.BDES,1e-05,0.4904274607569694,1.9999592088577876e-05
ds13,mc.lm,0.5671716150087661,0.5130420334371688,0.5205518212404872
ds13,mc.lm_UNDERB,0.5645794673901494,0.6544105192822574,0.6058285758981894
ds13,mc.lm_UNDERT,0.5656560810671604,0.6607463113676845,0.6089692893166601
ds13,mc.lm_UNDERTPhi,0.5469839052859344,0.6736260782272504,0.6032969981913214
ds13,mc.lm_OVERB,0.5712110360720274,0.6584244715562183,0.611483331994577
ds13,mc.lm_OVERT,0.5710879133409297,0.6593903483492621,0.6113754624237284
ds13,mc.lm_OVERTPhi,0.5714231229005877,0.6593514569226612,0.6114857340159078
ds13,mc.lm_SMOTEB,0.5154028829233513,0.6984454085557992,0.5928183155265597
ds13,mc.lm_SMOTET,0.5118428698523096,0.6768018834637531,0.582621540777926
ds13,mc.lm_SMOTETPhi,0.5025806126317969,0.6911672323735659,0.5817624064533901
ds13,mc.svm,0.6557597423871635,0.5218514458161233,0.5777798102089369
ds13,mc.svm_UNDERB,0.5001640948807969,0.6238968690476696,0.5546759292058249
ds13,mc.svm_UNDERT,0.4954661640616573,0.6226695195952228,0.5513447131102623
ds13,mc.svm_UNDERTPhi,0.48226016300038155,0.6631296692279368,0.5581080999143243
ds13,mc.svm_OVERB,0.5064695107979407,0.605759537963149,0.551164163807623
ds13,mc.svm_OVERT,0.48672060407476947,0.5926312620982932,0.5337747052809243
ds13,mc.svm_OVERTPhi,0.48836924906916385,0.5929339238739958,0.5347756578840499
ds13,mc.svm_SMOTEB,0.44752780327299113,0.6230515324337172,0.5206392678030676
ds13,mc.svm_SMOTET,0.4691969293726499,0.6357048825846061,0.5396549778969811
ds13,mc.svm_SMOTETPhi,0.4541505687401088,0.6468588596422816,0.5333200463621914
ds13,mc.mars,0.5797596332806105,0.5005805691107964,0.5327885638964276
ds13,mc.mars_UNDERB,0.5169329087083223,0.606044478247859,0.5569462674926777
ds13,mc.mars_UNDERT,0.5097412204620341,0.6137204362147558,0.5561560203508267
ds13,mc.mars_UNDERTPhi,0.502132464843096,0.6254315290436933,0.5565346402627187
ds13,mc.mars_OVERB,0.5394910772245946,0.6172748512329347,0.5753752548769586
ds13,mc.mars_OVERT,0.5215900798330362,0.597135583003819,0.5562186075913315
ds13,mc.mars_OVERTPhi,0.5177332924362615,0.598792022951669,0.5548842468246875
ds13,mc.mars_SMOTEB,0.4907085203105694,0.6374728848761894,0.5543422904749357
ds13,mc.mars_SMOTET,0.48742933942665234,0.6124705545088319,0.5425715571509537
ds13,mc.mars_SMOTETPhi,0.4863334082032707,0.6397273259467571,0.5521912987165254
ds13,mc.rf,0.47368055928042857,0.47193282185002405,0.4249150139688028
ds13,mc.rf_UNDERB,0.5873554657669002,0.56142573356809,0.5728022419337743
ds13,mc.rf_UNDERT,0.5930869321442882,0.5707664862478478,0.5807541102499202
ds13,mc.rf_UNDERTPhi,0.5864535265349238,0.5720708139940887,0.5783787306009708
ds13,mc.rf_OVERB,0.6072763619455921,0.4965264510011593,0.5440158540096123
ds13,mc.rf_OVERT,0.5604291549775026,0.4841450003305311,0.515284544238563
ds13,mc.rf_OVERTPhi,0.569481452070151,0.4841247859842829,0.5186820103096881
ds13,mc.rf_SMOTEB,0.5736662468053827,0.5702731428493188,0.5711668012041904
ds13,mc.rf_SMOTET,0.5382396266271648,0.5777620722850747,0.5568068986235055
ds13,mc.rf_SMOTETPhi,0.5410860321204368,0.5907213735767102,0.5643084849614486
ds13,mc.rpart,0.5423084457366485,0.4951046023961318,0.5166889916163386
ds13,mc.rpart_UNDERB,0.4510838583597188,0.5635426974652167,0.5000998705360277
ds13,mc.rpart_UNDERT,0.46157554975463116,0.5780474624504374,0.5125497455180179
ds13,mc.rpart_UNDERTPhi,0.44772421131524526,0.5820738318941558,0.5053492453628238
ds13,mc.rpart_OVERB,0.48020607181152497,0.49695669317105456,0.4881595677562784
ds13,mc.rpart_OVERT,0.46469935661759726,0.47813180096253033,0.4710200713230693
ds13,mc.rpart_OVERTPhi,0.46237225167890467,0.47849404277826174,0.46985685113452064
ds13,mc.rpart_SMOTEB,0.4457653189749243,0.568621942762103,0.49914308312048516
ds13,mc.rpart_SMOTET,0.44944843813846197,0.5766999061495323,0.5048491647774558
ds13,mc.rpart_SMOTETPhi,0.4455043100761871,0.6001106835699143,0.5109206608012511
ds13,mc.arima,0.5783344954193705,0.5067094978812484,0.5212688412364427
ds13,mc.BDES,1e-05,0.5065906535756687,1.999960512675969e-05
ds14,mc.lm,1e-05,0.3804369567418516,1.9999474105507917e-05
ds14,mc.lm_UNDERB,0.3347208541572624,0.37969779488841127,0.3312179280869042
ds14,mc.lm_UNDERT,0.35728950101856616,0.3827244833132316,0.3524929987841395
ds14,mc.lm_UNDERTPhi,0.34873888701658806,0.3884796457860857,0.34430416918826157
ds14,mc.lm_OVERB,0.3847480494753851,0.3870286484507916,0.36269448943556015
ds14,mc.lm_OVERT,0.3834753953511242,0.3861323278836217,0.36411785429481397
ds14,mc.lm_OVERTPhi,0.39394336583372663,0.3834004880940689,0.37265787201888395
ds14,mc.lm_SMOTEB,0.33480274911417196,0.40010271112061224,0.3548607524257447
ds14,mc.lm_SMOTET,0.32856046136161304,0.38082849194673607,0.3514373804539177
ds14,mc.lm_SMOTETPhi,0.328211985465223,0.38890367882244087,0.35464049985069906
ds14,mc.svm,0.21497398141090904,0.3852125172820617,0.22175680950571905
ds14,mc.svm_UNDERB,0.33117409544589466,0.3931964969340315,0.35801372030921924
ds14,mc.svm_UNDERT,0.3230408016262934,0.3959418268332876,0.3541275207966411
ds14,mc.svm_UNDERTPhi,0.3121055519541169,0.39893397353350407,0.34811200650393753
ds14,mc.svm_OVERB,0.3177294333323037,0.3855504810850626,0.3470373222168041
ds14,mc.svm_OVERT,0.32661456457394367,0.38857181144180847,0.35255169570638034
ds14,mc.svm_OVERTPhi,0.31880998090343926,0.3894185945656797,0.3492763614163257
ds14,mc.svm_SMOTEB,0.3260057811999531,0.4039391770403564,0.35951277609307913
ds14,mc.svm_SMOTET,0.2985750470114123,0.3716866063808431,0.32963264540140536
ds14,mc.svm_SMOTETPhi,0.29803763080356194,0.3989054739823717,0.3398613309807424
ds14,mc.mars,0.2235015024772627,0.4001316225527962,0.22574178513704254
ds14,mc.mars_UNDERB,0.3090415554753429,0.4082739228172849,0.3110063205753102
ds14,mc.mars_UNDERT,0.30878949818403234,0.4026167772417167,0.3148479265263222
ds14,mc.mars_UNDERTPhi,0.32010860940919045,0.40663158747307476,0.3083066438284471
ds14,mc.mars_OVERB,0.3824299478948791,0.4421452388468559,0.4066712937627125
ds14,mc.mars_OVERT,0.3771085040310631,0.4337432834763637,0.39884283531815923
ds14,mc.mars_OVERTPhi,0.3693319065388803,0.4439618368866348,0.39524872170515457
ds14,mc.mars_SMOTEB,0.35075743179730395,0.4449364485592747,0.3901927750655733
ds14,mc.mars_SMOTET,0.34610530798273587,0.44762058262012205,0.38891183394881723
ds14,mc.mars_SMOTETPhi,0.33987270024585287,0.45017887196813433,0.38433742010217253
ds14,mc.rf,0.0761483205301054,0.3801390513467776,0.07326598495175221
ds14,mc.rf_UNDERB,0.16818187374046495,0.40186187985723953,0.16578686423123568
ds14,mc.rf_UNDERT,0.1743467155460946,0.4039863333397916,0.17953845220474918
ds14,mc.rf_UNDERTPhi,0.17416351392881002,0.4062160409970223,0.1871859322514781
ds14,mc.rf_OVERB,0.15887404095912358,0.4019001323260493,0.16490077281581056
ds14,mc.rf_OVERT,0.19157098191518762,0.4093423626063957,0.17548176812052488
ds14,mc.rf_OVERTPhi,0.15671275995346687,0.41008839220162163,0.1570288221847457
ds14,mc.rf_SMOTEB,0.39578547247681906,0.4308258450569856,0.3945705467617862
ds14,mc.rf_SMOTET,0.3585903002973882,0.43459971176555195,0.37648840754519747
ds14,mc.rf_SMOTETPhi,0.3517963035936768,0.4422741622005322,0.3850579601596473
ds14,mc.rpart,0.3503599463493604,0.3779435925959644,0.3586484989319744
ds14,mc.rpart_UNDERB,0.34662720318971707,0.4421143762825639,0.3863822063112343
ds14,mc.rpart_UNDERT,0.3490952651519344,0.42627063715708396,0.38184197811708925
ds14,mc.rpart_UNDERTPhi,0.35364009345222164,0.44777590254509614,0.3931145683940629
ds14,mc.rpart_OVERB,0.36472795328510044,0.4371712107648459,0.3963944310133276
ds14,mc.rpart_OVERT,0.36228205974463207,0.42316023327116836,0.38878721139202094
ds14,mc.rpart_OVERTPhi,0.35175183330206944,0.42710778328020454,0.38350048138775095
ds14,mc.rpart_SMOTEB,0.348241673583211,0.4466940802928934,0.3892909634087664
ds14,mc.rpart_SMOTET,0.34754600496897015,0.45982619697915567,0.3944564935600575
ds14,mc.rpart_SMOTETPhi,0.3507783007127812,0.4705066352767702,0.39982610397857193
ds14,mc.arima,1e-05,0.37343801581546415,1.9999464039412198e-05
ds14,mc.BDES,1e-05,0.3998967424848601,1.9999499317642154e-05
ds15,mc.lm,1e-05,0.3913101970739121,1.9999486925777933e-05
ds15,mc.lm_UNDERB,0.29681818147686007,0.3870413542180058,0.3113437994914343
ds15,mc.lm_UNDERT,0.32089304002781627,0.3808016113742152,0.33225577608483775
ds15,mc.lm_UNDERTPhi,0.3511255193492011,0.3851518678787132,0.3564542172488926
ds15,mc.lm_OVERB,0.2512180822059475,0.39009654043820646,0.2786915034838114
ds15,mc.lm_OVERT,0.2262677710973233,0.39916086265535944,0.2417676770091303
ds15,mc.lm_OVERTPhi,0.21255418925732544,0.39707585300711506,0.22386947983209896
ds15,mc.lm_SMOTEB,0.34035065283192467,0.384709706520111,0.3557801627174775
ds15,mc.lm_SMOTET,0.32845451771066775,0.37439448175404555,0.34594138747500497
ds15,mc.lm_SMOTETPhi,0.33584150020944287,0.3815240345219326,0.3539728860570318
ds15,mc.svm,0.24400547947383086,0.4028194917731763,0.22189357037820176
ds15,mc.svm_UNDERB,0.3262700257931318,0.3340734764946551,0.324144608581175
ds15,mc.svm_UNDERT,0.3221973063741156,0.3182746747647165,0.3143040589220101
ds15,mc.svm_UNDERTPhi,0.32451003555434155,0.32151623251708705,0.3158104636036992
ds15,mc.svm_OVERB,0.283524060836293,0.35771617948106504,0.29772561873554776
ds15,mc.svm_OVERT,0.30748896740297466,0.3833916237215045,0.32296277537396884
ds15,mc.svm_OVERTPhi,0.3167498750781757,0.388371824390526,0.338744327109636
ds15,mc.svm_SMOTEB,0.3338635304492822,0.3021704603990717,0.3077582427941439
ds15,mc.svm_SMOTET,0.31877958964646297,0.32505782591852556,0.3157215949406942
ds15,mc.svm_SMOTETPhi,0.31827129024479306,0.29789808273492513,0.30222334664109224
ds15,mc.mars,0.1062384866987273,0.38855616624002015,0.11684840076043079
ds15,mc.mars_UNDERB,0.14867966233058508,0.39296270405785066,0.15084338586420884
ds15,mc.mars_UNDERT,0.165250141376261,0.3858018666507016,0.1709339381501859
ds15,mc.mars_UNDERTPhi,0.16908798265502284,0.39413497445964096,0.17031342933418503
ds15,mc.mars_OVERB,0.3042257536007508,0.3858310001832666,0.32956684799741387
ds15,mc.mars_OVERT,0.33784908876792596,0.4040928411973874,0.36062939351226947
ds15,mc.mars_OVERTPhi,0.3325518570136429,0.3986725530382305,0.3536617036520607
ds15,mc.mars_SMOTEB,0.32297444373682976,0.352728686393816,0.33303604255815744
ds15,mc.mars_SMOTET,0.32720653084860074,0.35108910244024505,0.3338899673184995
ds15,mc.mars_SMOTETPhi,0.3178535892737807,0.3528193797640409,0.32927898011586104
ds15,mc.rf,0.0025120080459996434,0.3815429420918168,0.004276551920622412
ds15,mc.rf_UNDERB,0.02613546620275239,0.37336698672357566,0.026299092700590228
ds15,mc.rf_UNDERT,0.021307189852845985,0.3775590803907424,0.02331981047683942
ds15,mc.rf_UNDERTPhi,0.015111897785473323,0.3771891443570454,0.016724380805954744
ds15,mc.rf_OVERB,0.02573935833492889,0.3803086958279808,0.02256978161890062
ds15,mc.rf_OVERT,0.007091147235376849,0.3763549606146114,0.008726489018473255
ds15,mc.rf_OVERTPhi,0.00738208789656026,0.37713414435173964,0.009795864827691403
ds15,mc.rf_SMOTEB,0.2120398905547159,0.33155368433840765,0.17998004729149097
ds15,mc.rf_SMOTET,0.26999175311917334,0.35765000333919983,0.2557876996369007
ds15,mc.rf_SMOTETPhi,0.27429655366520983,0.35888612772643447,0.2736388612065806
ds15,mc.rpart,0.2718222062119195,0.4038101994034523,0.2775526919399464
ds15,mc.rpart_UNDERB,0.35416613307844985,0.3845239915341355,0.3556612989026807
ds15,mc.rpart_UNDERT,0.3390938912087849,0.40489254802047325,0.3389013147849946
ds15,mc.rpart_UNDERTPhi,0.35212949334787047,0.3990458550961622,0.3634183533115196
ds15,mc.rpart_OVERB,0.3608518131390985,0.3955171822715524,0.37283690953916215
ds15,mc.rpart_OVERT,0.3807795698488773,0.41056263508577245,0.38998304417617186
ds15,mc.rpart_OVERTPhi,0.3719599306203507,0.3787787593595598,0.3706377156401653
ds15,mc.rpart_SMOTEB,0.3556380093347654,0.3405254718740405,0.33339944034272617
ds15,mc.rpart_SMOTET,0.34345412290633553,0.3675943998047038,0.34298954732283105
ds15,mc.rpart_SMOTETPhi,0.3512654553690925,0.3715155382510502,0.3505739974645286
ds15,mc.arima,1e-05,0.3901690845754953,1.999948648783866e-05
ds15,mc.BDES,1e-05,0.40097711810553827,1.999950006352968e-05
ds16,mc.lm,1e-05,0.38876213514867786,1.9999484369079337e-05
ds16,mc.lm_UNDERB,0.30916296144080524,0.42451025948535004,0.3519572873016108
ds16,mc.lm_UNDERT,0.3204569740241808,0.43209860142795686,0.36268545160724336
ds16,mc.lm_UNDERTPhi,0.31433884484447766,0.43267728491351604,0.3585566570600095
ds16,mc.lm_OVERB,0.29345723625330505,0.41163054055961823,0.33724994074688674
ds16,mc.lm_OVERT,0.2871768815890427,0.4008985846945453,0.3311832673193406
ds16,mc.lm_OVERTPhi,0.2922670488956587,0.40052398695563596,0.33461093554922156
ds16,mc.lm_SMOTEB,0.32417423791605976,0.4379145895717669,0.37035128240303744
ds16,mc.lm_SMOTET,0.31562412092415254,0.42460184236116044,0.35966257466887064
ds16,mc.lm_SMOTETPhi,0.3200673903452407,0.42562628932203883,0.3632352717216464
ds16,mc.svm,0.39046643723163826,0.3958050591842852,0.37217325003897594
ds16,mc.svm_UNDERB,0.3305750290169749,0.4494128972204389,0.37858011427446364
ds16,mc.svm_UNDERT,0.3309138616918014,0.4679082276477506,0.3826920178136472
ds16,mc.svm_UNDERTPhi,0.326163867719706,0.42677166255598264,0.3662292232818
ds16,mc.svm_OVERB,0.3458969146763204,0.419382022507272,0.3774458716964301
ds16,mc.svm_OVERT,0.35476284066931396,0.4148649245564485,0.3809376045237767
ds16,mc.svm_OVERTPhi,0.3541771222832573,0.416462627657904,0.3808089703162689
ds16,mc.svm_SMOTEB,0.3253365379547977,0.4249842203432015,0.3662769109832192
ds16,mc.svm_SMOTET,0.31563549194631835,0.4076461364602757,0.3539596016195179
ds16,mc.svm_SMOTETPhi,0.31939596152576244,0.41210530923650635,0.3578072070847618
ds16,mc.mars,0.19845595360041707,0.39128480575009766,0.19284846082059762
ds16,mc.mars_UNDERB,0.08211825752794859,0.4015207156482059,0.08914442575592853
ds16,mc.mars_UNDERT,0.12457069953428476,0.40210245445202975,0.13196513209719538
ds16,mc.mars_UNDERTPhi,0.12324004655801883,0.3990065185075134,0.13511736018100368
ds16,mc.mars_OVERB,0.31543608348944885,0.41979801488130053,0.35656283667794425
ds16,mc.mars_OVERT,0.3031056469717249,0.4145571783296122,0.3466581671513651
ds16,mc.mars_OVERTPhi,0.29936620006878234,0.414937294250006,0.34416915810620097
ds16,mc.mars_SMOTEB,0.32508144118868,0.44437206293701337,0.37323848175761215
ds16,mc.mars_SMOTET,0.31349719739980975,0.4111342788418688,0.3536982852626834
ds16,mc.mars_SMOTETPhi,0.3121355869777233,0.40487387582605794,0.35080260143621184
ds16,mc.rf,0.017528711792997614,0.3785817476110978,0.019007644290161923
ds16,mc.rf_UNDERB,0.14005645589602764,0.39473994063185047,0.1441746880576167
ds16,mc.rf_UNDERT,0.1721281022799002,0.40187807858864455,0.18458800206374787
ds16,mc.rf_UNDERTPhi,0.18686816965538866,0.3970982146981388,0.2058839627222607
ds16,mc.rf_OVERB,0.15677868345352425,0.38185496534446095,0.1528025976881633
ds16,mc.rf_OVERT,0.18271091377882442,0.378494022896342,0.17510278869049134
ds16,mc.rf_OVERTPhi,0.15631173366302753,0.377459553159113,0.15093185114052501
ds16,mc.rf_SMOTEB,0.40579078223334014,0.42700228228770176,0.3890264574697199
ds16,mc.rf_SMOTET,0.31726307147621247,0.3811307607773763,0.32208348547842136
ds16,mc.rf_SMOTETPhi,0.3180524557000149,0.37986242117464886,0.3331344783425987
ds16,mc.rpart,0.2530628393899197,0.38312811641686606,0.2680901783749699
ds16,mc.rpart_UNDERB,0.3513300092956721,0.41437604460155114,0.3752228403839042
ds16,mc.rpart_UNDERT,0.33745508041038186,0.3905839897849594,0.35656870010769987
ds16,mc.rpart_UNDERTPhi,0.3386436553892277,0.4201825272672528,0.36789496781339426
ds16,mc.rpart_OVERB,0.34898155757779753,0.4044160861816647,0.3723426054606773
ds16,mc.rpart_OVERT,0.359766387643697,0.4127780753480285,0.3809448016597535
ds16,mc.rpart_OVERTPhi,0.34435058843800237,0.40297054442813407,0.36672667154129585
ds16,mc.rpart_SMOTEB,0.34625253178003695,0.4425071637293875,0.38623421901980004
ds16,mc.rpart_SMOTET,0.3371294467734645,0.3914406970603529,0.36002107660095484
ds16,mc.rpart_SMOTETPhi,0.34015361580681436,0.4060031578499644,0.3653409547597557
ds16,mc.arima,1e-05,0.3826832390609978,1.9999476646924925e-05
ds16,mc.BDES,1e-05,0.41159695770094606,1.999951320083307e-05
ds17,mc.lm,1e-05,0.39021281647778105,1.999948721396884e-05
ds17,mc.lm_UNDERB,0.25151699079364426,0.3847340224509695,0.2542812776657395
ds17,mc.lm_UNDERT,0.31336389154746114,0.3811469568077086,0.31289686305896974
ds17,mc.lm_UNDERTPhi,0.34485910789247554,0.3918280873125963,0.34707297192949
ds17,mc.lm_OVERB,0.27407626943432667,0.38800019903314314,0.2755909770842212
ds17,mc.lm_OVERT,0.2179120700824405,0.3934169422486574,0.20975358966241747
ds17,mc.lm_OVERTPhi,0.2434508478197544,0.3951005319776371,0.23340608581671243
ds17,mc.lm_SMOTEB,0.3804287719903995,0.40424646512833234,0.3855891942709567
ds17,mc.lm_SMOTET,0.3577916261101747,0.37982412843166335,0.3660107107245327
ds17,mc.lm_SMOTETPhi,0.3594629431987177,0.3813413029501389,0.36710244308826423
ds17,mc.svm,0.2772784076497835,0.4226487595689728,0.30342912965465646
ds17,mc.svm_UNDERB,0.336937436890689,0.44495730368376235,0.3810765647587987
ds17,mc.svm_UNDERT,0.3455606135350316,0.4459276817572779,0.38717267881047285
ds17,mc.svm_UNDERTPhi,0.33167160659711636,0.4424681635566494,0.37620342715293154
ds17,mc.svm_OVERB,0.3648213419137044,0.4997848992466404,0.41931573410829587
ds17,mc.svm_OVERT,0.38515146947475837,0.5046307564588091,0.43238550868828246
ds17,mc.svm_OVERTPhi,0.3837424953256604,0.5062215364963811,0.432150750648559
ds17,mc.svm_SMOTEB,0.3440184797830386,0.46444225461331823,0.39232277496151136
ds17,mc.svm_SMOTET,0.3298186535728385,0.4102265249940513,0.3623653421549234
ds17,mc.svm_SMOTETPhi,0.3097193951875847,0.43478400103604614,0.35905196835904846
ds17,mc.mars,0.20262835299276766,0.3819380447338795,0.2020769504440094
ds17,mc.mars_UNDERB,0.21063197662564911,0.3760150864714026,0.22047789974309775
ds17,mc.mars_UNDERT,0.2453278971094436,0.36606899471930165,0.253452665394321
ds17,mc.mars_UNDERTPhi,0.1910970503059576,0.39777533451461794,0.20059018208852758
ds17,mc.mars_OVERB,0.3515429424005186,0.409075267813822,0.3737519662985241
ds17,mc.mars_OVERT,0.35781919541517965,0.42565609793779435,0.38520572944641635
ds17,mc.mars_OVERTPhi,0.35774583778579694,0.4119773081378231,0.37880345151788886
ds17,mc.mars_SMOTEB,0.3427439649012936,0.40265176857757223,0.3675836866632972
ds17,mc.mars_SMOTET,0.3272337032481411,0.3732502854044295,0.3459942460518034
ds17,mc.mars_SMOTETPhi,0.3395896528587051,0.402894696700138,0.3664507923266516
ds17,mc.rf,1e-05,0.3981775399243659,1.999949620940856e-05
ds17,mc.rf_UNDERB,0.07248164473009981,0.3997172421479307,0.08783430862711727
ds17,mc.rf_UNDERT,0.08675197606445285,0.3926119218948999,0.10425550769893017
ds17,mc.rf_UNDERTPhi,0.06994600763755111,0.40192998287079745,0.08768227356356077
ds17,mc.rf_OVERB,0.12636649005698533,0.4158584676036358,0.15606628635373515
ds17,mc.rf_OVERT,0.11796716343878845,0.4117550720852372,0.14356655920351286
ds17,mc.rf_OVERTPhi,0.15543752790920862,0.4121901184101583,0.1694751834292505
ds17,mc.rf_SMOTEB,0.3043809512213,0.41521012748349817,0.3425567594649154
ds17,mc.rf_SMOTET,0.24784485031914147,0.39095666586332606,0.2807686005593502
ds17,mc.rf_SMOTETPhi,0.3124661161956279,0.4152722156682037,0.34395293996385495
ds17,mc.rpart,0.41867502521789324,0.4437502382805835,0.41742456292965835
ds17,mc.rpart_UNDERB,0.365205046391631,0.43942367264570953,0.3951227216921474
ds17,mc.rpart_UNDERT,0.3627474960309703,0.4326011300846232,0.38663007103885877
ds17,mc.rpart_UNDERTPhi,0.37671063779132125,0.444873366359541,0.4025976093351946
ds17,mc.rpart_OVERB,0.38203557413142264,0.4276232954450292,0.40165899607133887
ds17,mc.rpart_OVERT,0.3693687588781216,0.434615923356298,0.3971107422183195
ds17,mc.rpart_OVERTPhi,0.3707160483013348,0.4359350450081236,0.39850554851529535
ds17,mc.rpart_SMOTEB,0.36219522150788863,0.4454213327068068,0.39592384396291963
ds17,mc.rpart_SMOTET,0.34546920604171816,0.417741409071723,0.37622256505142593
ds17,mc.rpart_SMOTETPhi,0.35358926741907565,0.4339386235412535,0.3864280746040832
ds17,mc.arima,1e-05,0.3816347967151057,1.9999475910369764e-05
ds17,mc.BDES,1e-05,0.4100783524659206,1.9999511956107027e-05
ds18,mc.lm,1e-05,0.38479377049601127,1.99994784394176e-05
ds18,mc.lm_UNDERB,0.29282795451795784,0.4078713079547138,0.28153607320939256
ds18,mc.lm_UNDERT,0.2397159250152878,0.4053605303719599,0.24109845307233402
ds18,mc.lm_UNDERTPhi,0.28241064784267456,0.4110118887282781,0.2941214408623089
ds18,mc.lm_OVERB,0.28048095190734396,0.4079726924007981,0.2564033782781244
ds18,mc.lm_OVERT,0.31149794865636177,0.42129394732156994,0.2955563995152057
ds18,mc.lm_OVERTPhi,0.30703589993823394,0.42385914218579857,0.31410950428195206
ds18,mc.lm_SMOTEB,0.33698049194486157,0.4168329579902316,0.350118236722499
ds18,mc.lm_SMOTET,0.32751492138193106,0.4212796892247196,0.3536111435254556
ds18,mc.lm_SMOTETPhi,0.2963322072313858,0.4237687279686313,0.3251347297371286
ds18,mc.svm,0.2731212399684553,0.4284758748135691,0.2506230965536509
ds18,mc.svm_UNDERB,0.3135482288830419,0.3611233798958628,0.3334684942241686
ds18,mc.svm_UNDERT,0.3174694348904838,0.3688074450945842,0.33914779168377357
ds18,mc.svm_UNDERTPhi,0.3194537968863157,0.3675746995726124,0.33921406080166294
ds18,mc.svm_OVERB,0.3170331052702495,0.36518550918767956,0.33708433411628663
ds18,mc.svm_OVERT,0.30762382787694337,0.36126524646214553,0.3297032462575711
ds18,mc.svm_OVERTPhi,0.2904474781875136,0.3487304358048231,0.31025601257317736
ds18,mc.svm_SMOTEB,0.303909755531687,0.3473896258574558,0.3204913762016317
ds18,mc.svm_SMOTET,0.30430453393802764,0.3846161381874982,0.3369211506466666
ds18,mc.svm_SMOTETPhi,0.30493511109425775,0.36486715771382555,0.3289399956251511
ds18,mc.mars,0.08739701618545605,0.3839173444089525,0.08675207004410473
ds18,mc.mars_UNDERB,0.09635647267493365,0.39396955552169904,0.10478194598811248
ds18,mc.mars_UNDERT,0.11902320284422498,0.3962586706575008,0.12495987484433431
ds18,mc.mars_UNDERTPhi,0.10577210538771244,0.3908995991644052,0.1112234553442778
ds18,mc.mars_OVERB,0.31634895959812775,0.37716519795859094,0.3299704731230456
ds18,mc.mars_OVERT,0.32996094676206567,0.4057654191489251,0.3562426309189344
ds18,mc.mars_OVERTPhi,0.2996324972207942,0.4014183106632229,0.3320063331588333
ds18,mc.mars_SMOTEB,0.3333859039211298,0.42937885791934677,0.3742615119746684
ds18,mc.mars_SMOTET,0.33111950071448776,0.4269994321084013,0.36965696891751615
ds18,mc.mars_SMOTETPhi,0.3126676475648911,0.41538575225039653,0.35409866318092215
ds18,mc.rf,1e-05,0.3799353962808669,1.9999472819055368e-05
ds18,mc.rf_UNDERB,0.09101982860032223,0.3933807188807437,0.0864464967116522
ds18,mc.rf_UNDERT,0.10545151115001852,0.39033571957542895,0.09186651286267544
ds18,mc.rf_UNDERTPhi,0.11859515458426935,0.3902349114645258,0.10815357464846363
ds18,mc.rf_OVERB,0.09101486958255199,0.387547262612046,0.07748932051905626
ds18,mc.rf_OVERT,0.034453095892357864,0.3747067532225734,0.03445643157418879
ds18,mc.rf_OVERTPhi,0.06831444985457094,0.37641562355146724,0.05557211537956052
ds18,mc.rf_SMOTEB,0.3875345730247491,0.41106419706909697,0.3891949449074431
ds18,mc.rf_SMOTET,0.33948772789523707,0.4215676706841523,0.3456372468889203
ds18,mc.rf_SMOTETPhi,0.33307576279322637,0.4124591949506118,0.3536490346240166
ds18,mc.rpart,0.3445838620196879,0.40051065194524244,0.3557626927714848
ds18,mc.rpart_UNDERB,0.33985104692501095,0.408371646561343,0.3656381695073398
ds18,mc.rpart_UNDERT,0.3291719960587124,0.41629214876108256,0.36302864484186337
ds18,mc.rpart_UNDERTPhi,0.33358989281848056,0.4147631186484109,0.36568662645288386
ds18,mc.rpart_OVERB,0.3403267777313602,0.3983759776955738,0.36487260986660053
ds18,mc.rpart_OVERT,0.3520131952745,0.38266442361302583,0.3647292176604472
ds18,mc.rpart_OVERTPhi,0.36093151003472135,0.3898955329993036,0.3727700132164099
ds18,mc.rpart_SMOTEB,0.3278868059147526,0.40364318507786207,0.3574071860141811
ds18,mc.rpart_SMOTET,0.33847921175299706,0.40689159379355977,0.3649824017725002
ds18,mc.rpart_SMOTETPhi,0.33082272369776594,0.3844441646385427,0.3513110050391888
ds18,mc.arima,1e-05,0.37794920252710995,1.999947044158717e-05
ds18,mc.BDES,1e-05,0.40346801405703603,1.999950289600108e-05
ds19,mc.lm,1e-05,0.3767235000110985,1.999946199756211e-05
ds19,mc.lm_UNDERB,0.3165842090693326,0.4109179602672837,0.3542517612787144
ds19,mc.lm_UNDERT,0.31733823786082543,0.4119066267001032,0.3506399590309223
ds19,mc.lm_UNDERTPhi,0.3153173612889131,0.4022194593937732,0.3450893813529927
ds19,mc.lm_OVERB,0.33186463190248006,0.41136502077410353,0.35952422869109135
ds19,mc.lm_OVERT,0.32975112144366375,0.41211654272740583,0.35800650644591114
ds19,mc.lm_OVERTPhi,0.32831771499521073,0.40856787626046837,0.3547039080304166
ds19,mc.lm_SMOTEB,0.3233952525455608,0.41032235592600164,0.35803607584009095
ds19,mc.lm_SMOTET,0.32333032607372864,0.4186046335090308,0.3613894517859878
ds19,mc.lm_SMOTETPhi,0.32106531565851076,0.4074232043976373,0.3541868025305955
ds19,mc.svm,0.42825364760533846,0.4104304307560773,0.3738933735959883
ds19,mc.svm_UNDERB,0.31492251015344236,0.3611612464736924,0.3296368407726053
ds19,mc.svm_UNDERT,0.32364459174254917,0.370462233534979,0.3406578606186187
ds19,mc.svm_UNDERTPhi,0.3290239033666721,0.3407610142535613,0.3302480552489478
ds19,mc.svm_OVERB,0.3689829774167215,0.36066907245336255,0.35780212980233117
ds19,mc.svm_OVERT,0.34977052710753265,0.37266244836183904,0.35473731371874706
ds19,mc.svm_OVERTPhi,0.33565250470556895,0.37870471662216315,0.34920493214361154
ds19,mc.svm_SMOTEB,0.30678467352323424,0.36795517494766217,0.32734409406034937
ds19,mc.svm_SMOTET,0.30625923919876125,0.37801891130141124,0.3339207769811683
ds19,mc.svm_SMOTETPhi,0.3182244483479815,0.38842253135300536,0.34544771584063916
ds19,mc.mars,0.20811187824491667,0.3730781374476414,0.17245113292072461
ds19,mc.mars_UNDERB,0.10417107307903238,0.38339584809446775,0.12582274249760483
ds19,mc.mars_UNDERT,0.14482382897335433,0.3787772020975117,0.1542819341343914
ds19,mc.mars_UNDERTPhi,0.11884727746177237,0.3649337684974671,0.13551821321107424
ds19,mc.mars_OVERB,0.29510019835285617,0.3789595748511579,0.32426710714257145
ds19,mc.mars_OVERT,0.31900087013139805,0.36853942257615424,0.33368637580990534
ds19,mc.mars_OVERTPhi,0.3134057426856132,0.3643059685482422,0.32557988393599624
ds19,mc.mars_SMOTEB,0.2970398377377678,0.35808557007004865,0.3215605958795639
ds19,mc.mars_SMOTET,0.31149016995437045,0.37652928856226225,0.3386581501874607
ds19,mc.mars_SMOTETPhi,0.30292648261570365,0.353404694829314,0.32247381584253043
ds19,mc.rf,0.01944237386382819,0.36481019102872453,0.022985217769331937
ds19,mc.rf_UNDERB,0.07725220536170041,0.35508923217184135,0.07512564339848933
ds19,mc.rf_UNDERT,0.07332869471781459,0.36321465641020334,0.07527549881216931
ds19,mc.rf_UNDERTPhi,0.12352883518803694,0.35914963540530154,0.12455661509026882
ds19,mc.rf_OVERB,0.05362422370135187,0.3628947925761804,0.053786906276952456
ds19,mc.rf_OVERT,0.027707271552269274,0.3584289051885803,0.030689193380928376
ds19,mc.rf_OVERTPhi,0.040754847248005585,0.35818417782810785,0.04431906456739218
ds19,mc.rf_SMOTEB,0.32720764189251633,0.36365492834332636,0.3316372849491944
ds19,mc.rf_SMOTET,0.2648328110667218,0.34464037090175403,0.27804565120307423
ds19,mc.rf_SMOTETPhi,0.26432082200399076,0.33145752582125687,0.28036027175323014
ds19,mc.rpart,0.3137348901674654,0.37859990155087564,0.32636739700900114
ds19,mc.rpart_UNDERB,0.3251095387712942,0.3653121290028156,0.3374105300251076
ds19,mc.rpart_UNDERT,0.3204037830543098,0.3625706969384699,0.33577591347868446
ds19,mc.rpart_UNDERTPhi,0.33196216139869095,0.3579235261759985,0.3377396116278064
ds19,mc.rpart_OVERB,0.3304665470563489,0.3809668609947034,0.3516929213309056
ds19,mc.rpart_OVERT,0.33738252952264003,0.36144991786328357,0.34577677617230296
ds19,mc.rpart_OVERTPhi,0.34340074613641947,0.37914536970128365,0.3564346013210382
ds19,mc.rpart_SMOTEB,0.3273624928580858,0.3860043165610503,0.3473004761749092
ds19,mc.rpart_SMOTET,0.3232217546198926,0.34051586372387044,0.32793401118516124
ds19,mc.rpart_SMOTETPhi,0.31837638682485386,0.33692922767177513,0.32204496967087487
ds19,mc.arima,1e-05,0.3704193343447468,1.9999454417297156e-05
ds19,mc.BDES,1e-05,0.38943010909675996,1.9999477343403292e-05
ds2,mc.lm,1e-05,0.5104228638161692,1.9999607734018298e-05
ds2,mc.lm_UNDERB,0.5153841088144759,0.6983569185334406,0.591201018428627
ds2,mc.lm_UNDERT,0.5147409549172292,0.6968658898212542,0.5902720281285082
ds2,mc.lm_UNDERTPhi,0.5102555301019981,0.7069976293828079,0.5910131657044264
ds2,mc.lm_OVERB,0.5359923681502557,0.6862624235375716,0.6012348561967382
ds2,mc.lm_OVERT,0.5231849022155222,0.669509672017236,0.5868057213155248
ds2,mc.lm_OVERTPhi,0.5242019643162564,0.6713923647500464,0.5880127328438639
ds2,mc.lm_SMOTEB,0.4753664635557249,0.7173375089977827,0.5711167346348222
ds2,mc.lm_SMOTET,0.4706345488045363,0.6888923424963223,0.5585401829285301
ds2,mc.lm_SMOTETPhi,0.47054037457157155,0.6943419102449775,0.5602890551655437
ds2,mc.svm,0.19838125406531593,0.485895477214185,0.1995205317426553
ds2,mc.svm_UNDERB,0.38619128232725786,0.6304120002411326,0.4780465502549682
ds2,mc.svm_UNDERT,0.38878013858626603,0.6232683151355406,0.4780539112632512
ds2,mc.svm_UNDERTPhi,0.40040635990184675,0.6585334563155029,0.49687936920627496
ds2,mc.svm_OVERB,0.4462209279705283,0.5872008991571654,0.5041184619835533
ds2,mc.svm_OVERT,0.41790111942476055,0.5766973473379962,0.48161141933504154
ds2,mc.svm_OVERTPhi,0.4204716999495981,0.5764215008086913,0.482763111737714
ds2,mc.svm_SMOTEB,0.38821730317826775,0.6223231094819943,0.4771717336965625
ds2,mc.svm_SMOTET,0.4107344902766965,0.6358880270856796,0.49706617414398946
ds2,mc.svm_SMOTETPhi,0.3974643595414644,0.663841563020489,0.4953900084867742
ds2,mc.mars,0.11544353673924633,0.47884919251286895,0.12664655059851357
ds2,mc.mars_UNDERB,0.4727377989310321,0.5931836174648241,0.5173144888642829
ds2,mc.mars_UNDERT,0.4658790085827349,0.590472493937693,0.5081564860536341
ds2,mc.mars_UNDERTPhi,0.43872149083396095,0.5952971259427072,0.488097187656248
ds2,mc.mars_OVERB,0.43320721073196217,0.5961600666388456,0.49978120624666117
ds2,mc.mars_OVERT,0.44011408710441147,0.5867851911018096,0.5011232030655267
ds2,mc.mars_OVERTPhi,0.4504137612050285,0.589368249376733,0.5091309301878416
ds2,mc.mars_SMOTEB,0.39931396788968926,0.6371085567347682,0.4891056784186223
ds2,mc.mars_SMOTET,0.4092325006837382,0.6268705009545694,0.49396429534525943
ds2,mc.mars_SMOTETPhi,0.41112464349113653,0.6443435165126461,0.5005751313667289
ds2,mc.rf,1e-05,0.4521762990440367,1.9999556959736814e-05
ds2,mc.rf_UNDERB,0.27311263485197657,0.5429472051453224,0.2913929404725362
ds2,mc.rf_UNDERT,0.28968881079044245,0.5416514229153142,0.3197498644375354
ds2,mc.rf_UNDERTPhi,0.3096795455073956,0.5446782057332583,0.33726885526387057
ds2,mc.rf_OVERB,0.2253112631891121,0.4487426816260009,0.23741816371518915
ds2,mc.rf_OVERT,0.19253429236331115,0.4695507339830346,0.18783294671615272
ds2,mc.rf_OVERTPhi,0.15368276693269065,0.4677981413884774,0.16137065420246519
ds2,mc.rf_SMOTEB,0.445398195196683,0.5492829331770888,0.4888104103433026
ds2,mc.rf_SMOTET,0.45400751815413537,0.5716133543412699,0.503466264193596
ds2,mc.rf_SMOTETPhi,0.45639212510116844,0.5800810494532215,0.5056406528837898
ds2,mc.rpart,0.4509364479615606,0.49454217873845735,0.4588325717206124
ds2,mc.rpart_UNDERB,0.36702431439129507,0.5660361669944411,0.4422730535630452
ds2,mc.rpart_UNDERT,0.3549470844152253,0.5558656259280471,0.43086276574616633
ds2,mc.rpart_UNDERTPhi,0.3614142864770474,0.5645976084831377,0.43714297454018514
ds2,mc.rpart_OVERB,0.3943807835206645,0.44946957985891456,0.4180059460495275
ds2,mc.rpart_OVERT,0.39884461693252754,0.48088482210697314,0.43426282662821925
ds2,mc.rpart_OVERTPhi,0.40504253269169266,0.4838995198049549,0.4395461906384827
ds2,mc.rpart_SMOTEB,0.3765347402835971,0.5377457261868802,0.4409044154836848
ds2,mc.rpart_SMOTET,0.3791207318479578,0.5785157252622417,0.4549345114140433
ds2,mc.rpart_SMOTETPhi,0.37386057355658686,0.5789840721428415,0.45098398201622664
ds2,mc.arima,1e-05,0.5267517272696709,1.9999619830171807e-05
ds2,mc.BDES,1e-05,0.47743484835795785,1.999958087508873e-05
ds20,mc.lm,1e-05,0.36685899688354007,1.9999453617435856e-05
ds20,mc.lm_UNDERB,0.3808117800816212,0.36163826855789616,0.3640713293710325
ds20,mc.lm_UNDERT,0.37214875589008445,0.3589188891390671,0.3557529825311926
ds20,mc.lm_UNDERTPhi,0.36576047224866687,0.3508601551752449,0.3508241768897302
ds20,mc.lm_OVERB,0.33237607874159847,0.3614543753576782,0.33635236170907457
ds20,mc.lm_OVERT,0.29328714637837394,0.3510402386345963,0.308242288641854
ds20,mc.lm_OVERTPhi,0.2906261912166768,0.352202460574314,0.30928887839135255
ds20,mc.lm_SMOTEB,0.3676708768144117,0.3485297400021091,0.3553600685970458
ds20,mc.lm_SMOTET,0.34658298499258633,0.37826308474586523,0.3589927879111384
ds20,mc.lm_SMOTETPhi,0.34843818135561,0.35914305431135035,0.34983974325899075
ds20,mc.svm,0.2235134799419939,0.3599688880040005,0.1975738108667717
ds20,mc.svm_UNDERB,0.32502950896614025,0.31800702498171907,0.3137296929933535
ds20,mc.svm_UNDERT,0.31967384594899206,0.28754674689136356,0.2823854064300361
ds20,mc.svm_UNDERTPhi,0.3257776901250621,0.34079962526087426,0.31361168704599934
ds20,mc.svm_OVERB,0.36442110315985743,0.30514448371871117,0.32791156003554106
ds20,mc.svm_OVERT,0.3470853871290345,0.30898793791667895,0.3165508438340602
ds20,mc.svm_OVERTPhi,0.3656309609181595,0.3089597803439336,0.3287309931005495
ds20,mc.svm_SMOTEB,0.316565545531691,0.31324938493712035,0.3048942713539676
ds20,mc.svm_SMOTET,0.3137617999481152,0.3486994087613871,0.3228945038526394
ds20,mc.svm_SMOTETPhi,0.322389749806186,0.39415554874159453,0.3443243081074499
ds20,mc.mars,0.21271894122645285,0.3735655610318245,0.20807129326515736
ds20,mc.mars_UNDERB,0.04324488793033257,0.3603097057228912,0.04752368839348043
ds20,mc.mars_UNDERT,0.05698665924158744,0.3641823548448276,0.058912903157160405
ds20,mc.mars_UNDERTPhi,0.05714398917968859,0.3635996479753441,0.06207937743593273
ds20,mc.mars_OVERB,0.34921951179764404,0.3782670694357762,0.3550857444571689
ds20,mc.mars_OVERT,0.3637452436828951,0.35930556445537687,0.3535260914063509
ds20,mc.mars_OVERTPhi,0.3319623436909225,0.3671642027206474,0.3410375267762821
ds20,mc.mars_SMOTEB,0.3337678081051725,0.3220750265043344,0.3202888144174893
ds20,mc.mars_SMOTET,0.33287893468613133,0.36895251062562606,0.339611531215537
ds20,mc.mars_SMOTETPhi,0.32093879177695867,0.3572184735448357,0.3237482751853394
ds20,mc.rf,1e-05,0.38794351449923303,1.9999481327544014e-05
ds20,mc.rf_UNDERB,0.09452583494014755,0.34249493572558665,0.09100496916600359
ds20,mc.rf_UNDERT,0.0871267662320855,0.3488131942431894,0.08982709098331103
ds20,mc.rf_UNDERTPhi,0.18357814801055775,0.35463798493129695,0.16290968326001284
ds20,mc.rf_OVERB,0.13509179635316393,0.3772686035941451,0.10148187565395853
ds20,mc.rf_OVERT,0.13875255806379833,0.37591693031973006,0.08495416209408538
ds20,mc.rf_OVERTPhi,0.11901689521618712,0.3752170998470523,0.07452849037457306
ds20,mc.rf_SMOTEB,0.44404185168228305,0.3493583120474257,0.3751438700156825
ds20,mc.rf_SMOTET,0.3130036595985916,0.3673972079500769,0.3191000429833702
ds20,mc.rf_SMOTETPhi,0.3472540242032219,0.3828829682538957,0.347725273012815
ds20,mc.rpart,0.3524437301214365,0.4309092767595192,0.34902222781070047
ds20,mc.rpart_UNDERB,0.344814140806055,0.34341142985625445,0.3219459442877156
ds20,mc.rpart_UNDERT,0.3433212760327973,0.3895009555356906,0.34814261951880465
ds20,mc.rpart_UNDERTPhi,0.34653563700539985,0.38609592872917964,0.3485691772769094
ds20,mc.rpart_OVERB,0.35272441364050744,0.39897328634956564,0.3688917055330026
ds20,mc.rpart_OVERT,0.3442133106124101,0.40213932986568535,0.36547784439932046
ds20,mc.rpart_OVERTPhi,0.3409485702221554,0.3962925293898034,0.36063759377112703
ds20,mc.rpart_SMOTEB,0.33717727829771865,0.3740739992410229,0.34192301586171653
ds20,mc.rpart_SMOTET,0.33088370048320265,0.38560547478295154,0.33917223157435006
ds20,mc.rpart_SMOTETPhi,0.33439711712800796,0.42022397157425273,0.35840134131542256
ds20,mc.arima,1e-05,0.3634390950689943,1.999944836069146e-05
ds20,mc.BDES,1e-05,0.40476006600277,1.999950429698635e-05
ds21,mc.lm,0.9343571451239557,0.9414225571394786,0.9378573861721111
ds21,mc.lm_UNDERB,0.9795407789624094,0.9436421449484537,0.9418837848102656
ds21,mc.lm_UNDERT,0.979401275176081,0.9436415844535273,0.9417890488160726
ds21,mc.lm_UNDERTPhi,0.9601039295543176,0.9433978657501954,0.9418521203911939
ds21,mc.lm_OVERB,0.9795705291139695,0.9437198348632659,0.9419186139424748
ds21,mc.lm_OVERT,0.9798756972512237,0.9435780449900717,0.9420158667007928
ds21,mc.lm_OVERTPhi,0.9798336164843235,0.9435959510124499,0.942005886425809
ds21,mc.lm_SMOTEB,0.979614491995412,0.943701569351242,0.941920737326071
ds21,mc.lm_SMOTET,0.9787103828382105,0.9435757981717995,0.9414547178128063
ds21,mc.lm_SMOTETPhi,0.9793768922625926,0.9435224130255694,0.9417327410635009
ds21,mc.svm,0.942752922812713,0.9414628253420558,0.9421003428897499
ds21,mc.svm_UNDERB,0.9394414475456604,0.9414837861247192,0.9404555589749302
ds21,mc.svm_UNDERT,0.9398430249374558,0.9416025818147018,0.9407166956289675
ds21,mc.svm_UNDERTPhi,0.942533568042726,0.9434039837203563,0.9429633483412393
ds21,mc.svm_OVERB,0.9804987058908641,0.9444757352097197,0.9428715837516215
ds21,mc.svm_OVERT,0.9805446979401451,0.9443632247964757,0.9428615906393202
ds21,mc.svm_OVERTPhi,0.980522715824095,0.9443516825276309,0.942838028643391
ds21,mc.svm_SMOTEB,0.9804481363565959,0.9440720942202148,0.942615388669699
ds21,mc.svm_SMOTET,0.9795945534296692,0.9442515507967881,0.9422230003716159
ds21,mc.svm_SMOTETPhi,0.9817257958955917,0.9453148631432474,0.9438579933633072
ds21,mc.mars,0.9383010819621321,0.9418995259937053,0.9400872799103691
ds21,mc.mars_UNDERB,0.9332259718395374,0.9443004826092483,0.9387127551724745
ds21,mc.mars_UNDERT,0.932803252088073,0.9441807635146146,0.938430685945105
ds21,mc.mars_UNDERTPhi,0.9590618200573985,0.945516967756923,0.9424680623553573
ds21,mc.mars_OVERB,0.9330349335154478,0.9443659773500811,0.9386448133926958
ds21,mc.mars_OVERT,0.93370620545468,0.943825763383251,0.938720990229672
ds21,mc.mars_OVERTPhi,0.9336896300053269,0.9439072804827572,0.9387530036688376
ds21,mc.mars_SMOTEB,0.9332004443212351,0.9442187990258317,0.9386576555874759
ds21,mc.mars_SMOTET,0.9327194326362256,0.9440521079631573,0.9383386933886924
ds21,mc.mars_SMOTETPhi,0.9783093069161052,0.9446486980204312,0.9419236089945703
ds21,mc.rf,0.9838927339711566,0.9432539624245798,0.9439168272976934
ds21,mc.rf_UNDERB,0.9476005109722695,0.9453744111278732,0.9284849255371809
ds21,mc.rf_UNDERT,0.9510513741239193,0.9452556517324748,0.930126248706046
ds21,mc.rf_UNDERTPhi,0.9768498160342617,0.9446801689582984,0.9417292610649431
ds21,mc.rf_OVERB,0.9821678850838077,0.9426839201677225,0.9427111661048727
ds21,mc.rf_OVERT,0.9623438723382245,0.9426421059965605,0.9229910479944665
ds21,mc.rf_OVERTPhi,0.9623085603423811,0.942664121080159,0.9229567339948375
ds21,mc.rf_SMOTEB,0.9784437318144164,0.9454185475210781,0.9426885151069153
ds21,mc.rf_SMOTET,0.975063078713827,0.946648199213925,0.9415949567791231
ds21,mc.rf_SMOTETPhi,0.9780546758763171,0.946237502946309,0.9433793855813724
ds21,mc.rpart,0.8550316659880022,0.9088364898430232,0.8536108878959652
ds21,mc.rpart_UNDERB,0.8855080157257895,0.9380796055749705,0.8928787154030996
ds21,mc.rpart_UNDERT,0.880896213209626,0.9380352521708767,0.8906701710089423
ds21,mc.rpart_UNDERTPhi,0.9494968721317752,0.9389865495517057,0.9265639563854738
ds21,mc.rpart_OVERB,0.8965877175396956,0.9375729389339479,0.8985379901658703
ds21,mc.rpart_OVERT,0.8918504519795417,0.9369439804408919,0.8960560362790931
ds21,mc.rpart_OVERTPhi,0.8913544587700204,0.9370166867940373,0.8957917134368413
ds21,mc.rpart_SMOTEB,0.8915524037881701,0.9370257957924973,0.8957661245627215
ds21,mc.rpart_SMOTET,0.8975180275094597,0.9325070285469798,0.8967170725575783
ds21,mc.rpart_SMOTETPhi,0.9535465461247716,0.9361618809049888,0.9269438851435134
ds21,mc.arima,0.9700255446912546,0.9429241943447139,0.9368815475465194
ds21,mc.BDES,0.2785377604039021,0.8742965514775317,0.24318187052534498
ds22,mc.lm,0.6033743462297855,0.6403871070969739,0.6202427146065552
ds22,mc.lm_UNDERB,0.5267518837121592,0.640275037864519,0.575086524559653
ds22,mc.lm_UNDERT,0.5266459421801261,0.6401453954365308,0.5749763234728434
ds22,mc.lm_UNDERTPhi,0.4952691171992255,0.632448066187406,0.5526909594216167
ds22,mc.lm_OVERB,0.5551705408333927,0.6622339230813985,0.6011156216716321
ds22,mc.lm_OVERT,0.5535569150114327,0.6648398112509838,0.6008994179338513
ds22,mc.lm_OVERTPhi,0.554970331935092,0.6661778811902336,0.6023174097060487
ds22,mc.lm_SMOTEB,0.5654212116515986,0.664359227313779,0.6082549481761599
ds22,mc.lm_SMOTET,0.39254213228680696,0.5011139598735577,0.43598415391615014
ds22,mc.lm_SMOTETPhi,0.38471246228999467,0.4950009735067932,0.42850825661687497
ds22,mc.svm,0.6358161685195342,0.6727986661296802,0.6526135067117298
ds22,mc.svm_UNDERB,0.44535750675045427,0.5261971821412998,0.475716677872114
ds22,mc.svm_UNDERT,0.4446315846366681,0.5261707344762694,0.4753690430192378
ds22,mc.svm_UNDERTPhi,0.4442768874186225,0.532351112638408,0.4770032978670058
ds22,mc.svm_OVERB,0.4666718877722924,0.564157569371982,0.5068779619363767
ds22,mc.svm_OVERT,0.4897556866507943,0.5832118522621161,0.5275344599050912
ds22,mc.svm_OVERTPhi,0.4799042667656863,0.5704805428670007,0.5164313775546217
ds22,mc.svm_SMOTEB,0.5009359426411483,0.5876526532412093,0.5365798700325947
ds22,mc.svm_SMOTET,0.38332303652365723,0.4413394401344941,0.3984064134842361
ds22,mc.svm_SMOTETPhi,0.3917042811128379,0.45486469421010944,0.40948953438961394
ds22,mc.mars,0.6042510197697641,0.5933276467386822,0.5974760727331998
ds22,mc.mars_UNDERB,0.5791418599731742,0.5704092163146222,0.5734572442102757
ds22,mc.mars_UNDERT,0.5777799815077735,0.5697391883186321,0.572535586579043
ds22,mc.mars_UNDERTPhi,0.5835103949572398,0.5744567901262482,0.5776681483760752
ds22,mc.mars_OVERB,0.5767487023817545,0.5526264829356058,0.561628162532234
ds22,mc.mars_OVERT,0.5956536341991986,0.5831331336983413,0.5875521418855761
ds22,mc.mars_OVERTPhi,0.5923042112961052,0.5772999805493546,0.5832194611670906
ds22,mc.mars_SMOTEB,0.5828533201245887,0.5659881542026683,0.5721496618419943
ds22,mc.mars_SMOTET,0.5214666679653889,0.49483357273973416,0.5047699447893337
ds22,mc.mars_SMOTETPhi,0.528751798236061,0.5024384631041672,0.5124188226542484
ds22,mc.rf,0.6411123540393671,0.6601738608551474,0.6504175322580191
ds22,mc.rf_UNDERB,0.6196719923336986,0.6659908074310583,0.6410090599003183
ds22,mc.rf_UNDERT,0.6175440037649056,0.6656926325156676,0.6397869979817223
ds22,mc.rf_UNDERTPhi,0.6020954946835161,0.6700530264130178,0.632885468958445
ds22,mc.rf_OVERB,0.6514754808569465,0.672973616143636,0.6619277832410474
ds22,mc.rf_OVERT,0.6472034947821956,0.6686512278566786,0.6576151578639436
ds22,mc.rf_OVERTPhi,0.6481170913027827,0.6690936587801474,0.658313517209869
ds22,mc.rf_SMOTEB,0.6261245268432362,0.6615511435696502,0.6424426062413039
ds22,mc.rf_SMOTET,0.5533367031919016,0.5899604215355319,0.5696796878066526
ds22,mc.rf_SMOTETPhi,0.5469662641271268,0.6026567738672114,0.5715133563977648
ds22,mc.rpart,0.5876450457979947,0.6052454945222417,0.5932682768167288
ds22,mc.rpart_UNDERB,0.5656508270992978,0.6204289589585885,0.5893387098554657
ds22,mc.rpart_UNDERT,0.559497890214029,0.6197718583780881,0.5854293551341518
ds22,mc.rpart_UNDERTPhi,0.5413222781956465,0.6304789222385797,0.5765598696146234
ds22,mc.rpart_OVERB,0.5900604497098465,0.6349838216385456,0.6090402042649895
ds22,mc.rpart_OVERT,0.5966754091790171,0.6437081871399815,0.6176312844564262
ds22,mc.rpart_OVERTPhi,0.6045328615923928,0.6499015596167059,0.6247668836715772
ds22,mc.rpart_SMOTEB,0.5751047410330391,0.6329800427172071,0.6003518729922002
ds22,mc.rpart_SMOTET,0.4402628858211102,0.508881724599446,0.46875707147432905
ds22,mc.rpart_SMOTETPhi,0.45672487645178117,0.5678545689262222,0.49928456389491527
ds22,mc.arima,0.5309073196568715,0.6126983398757834,0.5655017231121606
ds22,mc.BDES,0.33111754036533225,0.4937850094527292,0.380590186521681
ds23,mc.lm,0.2814106814093794,0.34299954517604514,0.2824911382038773
ds23,mc.lm_UNDERB,0.45392533318187755,0.4105876703571305,0.3787244022650275
ds23,mc.lm_UNDERT,0.42357841075818664,0.41980427620235505,0.37828743914397883
ds23,mc.lm_UNDERTPhi,0.42616916792581555,0.4661889308392581,0.3771369984515179
ds23,mc.lm_OVERB,0.47769719760560875,0.44866151454137415,0.40113905785668674
ds23,mc.lm_OVERT,0.42520351540667856,0.438383783015688,0.3891205890294318
ds23,mc.lm_OVERTPhi,0.4243964796367768,0.43826463071214883,0.38879146448752844
ds23,mc.lm_SMOTEB,0.4625187568113598,0.4486704240165764,0.40476192581356707
ds23,mc.lm_SMOTET,0.43788346547453877,0.42658948297620564,0.3711718753517539
ds23,mc.lm_SMOTETPhi,0.4352558563953093,0.44427729913264447,0.3710878441878434
ds23,mc.svm,0.38101947522436064,0.3621398167895455,0.36829407393568075
ds23,mc.svm_UNDERB,0.5179136457821849,0.47597628525467167,0.4387693486135335
ds23,mc.svm_UNDERT,0.5009959129995397,0.4780522472389961,0.4341610363028966
ds23,mc.svm_UNDERTPhi,0.505285253638313,0.47801253440699965,0.4279481460498376
ds23,mc.svm_OVERB,0.41915713484746747,0.4513312259023187,0.4096578424598372
ds23,mc.svm_OVERT,0.41101599926744203,0.44683698970169483,0.40216739482017777
ds23,mc.svm_OVERTPhi,0.41046681987625266,0.44643281442846733,0.40172259597675725
ds23,mc.svm_SMOTEB,0.42973602135479055,0.4640826492805885,0.4099462737742709
ds23,mc.svm_SMOTET,0.4232854544962253,0.45226821519151145,0.39991613155575895
ds23,mc.svm_SMOTETPhi,0.4526714541997499,0.46069603156124883,0.39534956625497236
ds23,mc.mars,0.2885283751666229,0.3466485640334691,0.26981702753468884
ds23,mc.mars_UNDERB,0.4503320452735419,0.4654270353918219,0.40531716367178744
ds23,mc.mars_UNDERT,0.4297798814426399,0.48947911279464923,0.39412541374738735
ds23,mc.mars_UNDERTPhi,0.4469343963985667,0.46530605893199317,0.38387878197272063
ds23,mc.mars_OVERB,0.40239521089564523,0.4152778424082879,0.37207047056676806
ds23,mc.mars_OVERT,0.3949419149552817,0.4173938515105957,0.36669567420160126
ds23,mc.mars_OVERTPhi,0.39674889394000795,0.4198663126984139,0.3693279917726143
ds23,mc.mars_SMOTEB,0.4383139658837976,0.4113401955594163,0.37290196849897334
ds23,mc.mars_SMOTET,0.4009407500766468,0.392654766974559,0.3475370645737024
ds23,mc.mars_SMOTETPhi,0.3977977064335685,0.41621456787762745,0.34542307493083874
ds23,mc.rf,0.2931997163790457,0.35205547628523015,0.2581572071905011
ds23,mc.rf_UNDERB,0.4657705063539676,0.4974556983226059,0.432543455082715
ds23,mc.rf_UNDERT,0.4502995151848285,0.4919641281297658,0.42936815959989816
ds23,mc.rf_UNDERTPhi,0.478348114375916,0.5062666993176544,0.4113952340641028
ds23,mc.rf_OVERB,0.3630782788866846,0.41278466625938626,0.3413762785980083
ds23,mc.rf_OVERT,0.3714331520794211,0.41579161078651433,0.34890178296968366
ds23,mc.rf_OVERTPhi,0.37224753634859487,0.4157483977359097,0.3491301298710056
ds23,mc.rf_SMOTEB,0.428814186528764,0.4402950144077585,0.40999897577737376
ds23,mc.rf_SMOTET,0.44571530987702546,0.41830259347417564,0.4115984012280205
ds23,mc.rf_SMOTETPhi,0.4028378494108233,0.4467758700551674,0.4003865863087252
ds23,mc.rpart,0.24306342586173152,0.3352068131804286,0.24272201690220954
ds23,mc.rpart_UNDERB,0.39296575219041735,0.45623301445755965,0.3791912460258217
ds23,mc.rpart_UNDERT,0.3782638386967006,0.4739070411216924,0.3808028413562767
ds23,mc.rpart_UNDERTPhi,0.39741349483052907,0.4884215209087467,0.37315043234508927
ds23,mc.rpart_OVERB,0.3848566176663209,0.40755641521434555,0.3684445554570477
ds23,mc.rpart_OVERT,0.39592240002601814,0.4122995009129632,0.37490770544441837
ds23,mc.rpart_OVERTPhi,0.40029433104671014,0.41331697966891023,0.3777128790965453
ds23,mc.rpart_SMOTEB,0.41503237990834313,0.43134417417101595,0.3971783524049102
ds23,mc.rpart_SMOTET,0.3931759867894912,0.4006614779291888,0.3698751212295385
ds23,mc.rpart_SMOTETPhi,0.3821745542893412,0.43762137262718726,0.37479256247197557
ds23,mc.arima,0.29616040550389183,0.3496489867686439,0.2920140892007072
ds23,mc.BDES,0.18885155003075751,0.3562296574240888,0.1464077676827321
ds24,mc.lm,0.744475039560399,0.777534117375504,0.751115390950115
ds24,mc.lm_UNDERB,0.758002172160899,0.8522418388287667,0.8014189742165744
ds24,mc.lm_UNDERT,0.7597464299273371,0.8558295566591966,0.8042099274351853
ds24,mc.lm_UNDERTPhi,0.7415583499421099,0.8900135355721498,0.8046031406840691
ds24,mc.lm_OVERB,0.769340638136156,0.8566922492153995,0.8096183542333165
ds24,mc.lm_OVERT,0.7589720822426608,0.8569809656999721,0.8044234729141683
ds24,mc.lm_OVERTPhi,0.7589088925458627,0.8567974976458401,0.8042737749040783
ds24,mc.lm_SMOTEB,0.7734663557558992,0.8535887181025202,0.8104711378035558
ds24,mc.lm_SMOTET,0.740323434923023,0.8633154740633568,0.7961610211282101
ds24,mc.lm_SMOTETPhi,0.7101192322421447,0.8999589618209046,0.7894214330984175
ds24,mc.svm,0.8733392551283966,0.80297744836481,0.8348631600935137
ds24,mc.svm_UNDERB,0.7686385854305188,0.8763486518208375,0.8182654285397208
ds24,mc.svm_UNDERT,0.7666595924355071,0.8775541502499274,0.8179233732140193
ds24,mc.svm_UNDERTPhi,0.6683989367179796,0.8963735709337457,0.7540076004620476
ds24,mc.svm_OVERB,0.7646086886560355,0.8722540377727392,0.8144184525752867
ds24,mc.svm_OVERT,0.7501369384275048,0.8706760915258198,0.8036953212342862
ds24,mc.svm_OVERTPhi,0.7483144456163109,0.8704409905107023,0.8024917567863459
ds24,mc.svm_SMOTEB,0.780650661697731,0.8733142456639801,0.8237572842109051
ds24,mc.svm_SMOTET,0.7623305948864736,0.8669443231368141,0.8105152857759721
ds24,mc.svm_SMOTETPhi,0.6136429602653822,0.8901027619693304,0.7134795677987175
ds24,mc.mars,0.8677358058543941,0.7955891256057681,0.8293275784164809
ds24,mc.mars_UNDERB,0.6842110178645686,0.8594737810265543,0.7558969003047804
ds24,mc.mars_UNDERT,0.6922594925127538,0.8576560493975216,0.761719969155896
ds24,mc.mars_UNDERTPhi,0.5186182337419809,0.877508541245594,0.6344782320892244
ds24,mc.mars_OVERB,0.6957648654732145,0.8638808375373215,0.7653134744558946
ds24,mc.mars_OVERT,0.711474009785302,0.8619471933812196,0.7758261794695627
ds24,mc.mars_OVERTPhi,0.7095771584426864,0.8611990850542764,0.7740519129429689
ds24,mc.mars_SMOTEB,0.7400319960368796,0.8696642443388006,0.7982648128474801
ds24,mc.mars_SMOTET,0.6878990192799832,0.8585909082242452,0.7628624797721072
ds24,mc.mars_SMOTETPhi,0.530611322725013,0.8799173042721858,0.650147408063217
ds24,mc.rf,0.7819561574650838,0.8154735487155473,0.7825974166671016
ds24,mc.rf_UNDERB,0.6955832055688582,0.8868803822681186,0.7760556358889711
ds24,mc.rf_UNDERT,0.6930330326006835,0.8885835018494916,0.7756032212092986
ds24,mc.rf_UNDERTPhi,0.4898843304274934,0.8960617747097381,0.625525507362278
ds24,mc.rf_OVERB,0.7248223302557664,0.8303540399658219,0.7556806152160911
ds24,mc.rf_OVERT,0.7456248105150132,0.821863133430551,0.7736407725437769
ds24,mc.rf_OVERTPhi,0.7476351340115904,0.8214863751237091,0.7739369625417719
ds24,mc.rf_SMOTEB,0.7506877554863151,0.8756164673977556,0.8059520212661903
ds24,mc.rf_SMOTET,0.6998510525012819,0.8724513635333344,0.7751564110892885
ds24,mc.rf_SMOTETPhi,0.4888144685293718,0.8929823975215132,0.624431839383574
ds24,mc.rpart,0.6261822491758504,0.7916995180394847,0.664887792936284
ds24,mc.rpart_UNDERB,0.636930600756524,0.8752812805563207,0.7352556310886375
ds24,mc.rpart_UNDERT,0.6287399271289495,0.8798198137642724,0.7310868670844194
ds24,mc.rpart_UNDERTPhi,0.49911542990062907,0.8858295695481668,0.6313001658894585
ds24,mc.rpart_OVERB,0.7495984848654387,0.8686490425383172,0.8029764494048328
ds24,mc.rpart_OVERT,0.7435056676657246,0.8664506653894124,0.7992054130368677
ds24,mc.rpart_OVERTPhi,0.7386534188086595,0.8654454130995051,0.7963278199041534
ds24,mc.rpart_SMOTEB,0.6947810286161185,0.8757264918976908,0.7738814528346342
ds24,mc.rpart_SMOTET,0.6395201592973919,0.8583343301549697,0.7322514819952953
ds24,mc.rpart_SMOTETPhi,0.5171188897965544,0.8757135187057944,0.6437266349683364
ds24,mc.arima,0.7625322810022136,0.783845493512812,0.7656411795957652
ds24,mc.BDES,0.1881678669946682,0.7549229080887,0.2002534322970908
ds3,mc.lm,0.12341404076541489,0.5444373952239593,0.10003762818012904
ds3,mc.lm_UNDERB,0.5549615176716988,0.6707280703009947,0.6053550819446206
ds3,mc.lm_UNDERT,0.5553284333441719,0.6743658391993538,0.6068307709548748
ds3,mc.lm_UNDERTPhi,0.5372048823501606,0.6880994740793044,0.60184092501045
ds3,mc.lm_OVERB,0.6000370563469681,0.6723601238586759,0.6317316054507987
ds3,mc.lm_OVERT,0.6174758239942326,0.6858731327202137,0.6484239931649343
ds3,mc.lm_OVERTPhi,0.6126742100141523,0.6871073876250391,0.6465455975472296
ds3,mc.lm_SMOTEB,0.5212784531232239,0.702806722002918,0.5976338911382668
ds3,mc.lm_SMOTET,0.49344248741039215,0.691430754962858,0.5750180914130086
ds3,mc.lm_SMOTETPhi,0.4870132919651343,0.7079945864415115,0.576103932114106
ds3,mc.svm,0.6237846136515378,0.5134233320437228,0.5222913673833347
ds3,mc.svm_UNDERB,0.4349243135276995,0.5987166918766096,0.5016567187940452
ds3,mc.svm_UNDERT,0.42457746558794424,0.5969513142654564,0.4937047587173493
ds3,mc.svm_UNDERTPhi,0.41899599361874285,0.5972745014014401,0.4899943331107373
ds3,mc.svm_OVERB,0.5115365584093678,0.5339676496630603,0.5194755817547834
ds3,mc.svm_OVERT,0.518930494732379,0.5363608690004296,0.5249209524774411
ds3,mc.svm_OVERTPhi,0.5245201261839764,0.5357969306776005,0.5277757468611803
ds3,mc.svm_SMOTEB,0.43757482245887763,0.577855033547475,0.4955092196140997
ds3,mc.svm_SMOTET,0.44974399493290684,0.5960929957043369,0.5104289919116993
ds3,mc.svm_SMOTETPhi,0.42918440989385664,0.5711491916820812,0.4885905974223356
ds3,mc.mars,0.10943610115996899,0.512045974595789,0.09374034842070532
ds3,mc.mars_UNDERB,0.4850450189234911,0.5697140633404048,0.518920379225733
ds3,mc.mars_UNDERT,0.5032075418337938,0.5804545904056194,0.5341469761052458
ds3,mc.mars_UNDERTPhi,0.48706733807964125,0.6008796537586959,0.5338264077994616
ds3,mc.mars_OVERB,0.5445787943507461,0.613435060650795,0.5758384866102693
ds3,mc.mars_OVERT,0.5272043961792772,0.6045001873496334,0.5608558264835167
ds3,mc.mars_OVERTPhi,0.5346164849736152,0.6090429206103781,0.5675273451128333
ds3,mc.mars_SMOTEB,0.49903271305455477,0.6472813358795984,0.5618285418822587
ds3,mc.mars_SMOTET,0.48578330465161734,0.6321884918485382,0.5477471808819288
ds3,mc.mars_SMOTETPhi,0.4874696676830028,0.6607215750895361,0.5592560127156903
ds3,mc.rf,1e-05,0.4629967060953031,1.9999564781267767e-05
ds3,mc.rf_UNDERB,0.43235991687969383,0.5172600683605214,0.4154174599135642
ds3,mc.rf_UNDERT,0.3976497245750046,0.5221679839860582,0.38618741088487224
ds3,mc.rf_UNDERTPhi,0.44419947056304343,0.5313264233620061,0.4293888874333631
ds3,mc.rf_OVERB,0.3656766083731244,0.4659571897199256,0.3080832392890373
ds3,mc.rf_OVERT,0.2084099644014085,0.46133942062135214,0.1960177390580451
ds3,mc.rf_OVERTPhi,0.17582515024602938,0.4617542259211555,0.16785242316506335
ds3,mc.rf_SMOTEB,0.4967712075276959,0.5242587281386882,0.5077479533633367
ds3,mc.rf_SMOTET,0.4660093858117822,0.4934899781130778,0.4777367163079416
ds3,mc.rf_SMOTETPhi,0.4557244595168762,0.5129979122804754,0.481111534312231
ds3,mc.rpart,0.5393006196035958,0.5031812062493572,0.5152925201572407
ds3,mc.rpart_UNDERB,0.4307643994633852,0.6023441893808215,0.4985834952451534
ds3,mc.rpart_UNDERT,0.4315713854193779,0.5587075484445961,0.4822159207928967
ds3,mc.rpart_UNDERTPhi,0.4381771753606435,0.605292685417118,0.5036126456249262
ds3,mc.rpart_OVERB,0.4725265022931026,0.4719531839481945,0.4707744928452376
ds3,mc.rpart_OVERT,0.4387211946227737,0.4584258897102803,0.4459256666158198
ds3,mc.rpart_OVERTPhi,0.4578514441185315,0.4781113197547079,0.46576735535802205
ds3,mc.rpart_SMOTEB,0.43743036878922764,0.5508530027192765,0.4839819993885176
ds3,mc.rpart_SMOTET,0.42542376939432636,0.5107054852715922,0.4612334397861558
ds3,mc.rpart_SMOTETPhi,0.4171505344015582,0.5474380632713056,0.4681751117890958
ds3,mc.arima,0.1339438239043896,0.5682250188179556,0.1499398990720233
ds3,mc.BDES,1e-05,0.5007953594666743,1.9999598354416754e-05
ds4,mc.lm,0.6797710748449276,0.5058413638241077,0.5766661998720365
ds4,mc.lm_UNDERB,0.5218974732996052,0.5851948127168762,0.5509476497310992
ds4,mc.lm_UNDERT,0.5281056683919673,0.5775980069031801,0.5510327212491465
ds4,mc.lm_UNDERTPhi,0.49618279350606287,0.5839577161711919,0.5359197824059205
ds4,mc.lm_OVERB,0.5413771208133411,0.5868878913744431,0.5625393868603136
ds4,mc.lm_OVERT,0.5291799188160831,0.5857922912889769,0.5554989754154641
ds4,mc.lm_OVERTPhi,0.5315607013304046,0.5856499671318818,0.5566681193524297
ds4,mc.lm_SMOTEB,0.49159028258848864,0.6034114586740279,0.5414132175200806
ds4,mc.lm_SMOTET,0.521782751635673,0.5905662796951746,0.553504349476899
ds4,mc.lm_SMOTETPhi,0.49767390609864437,0.5961245213794542,0.5420462445243495
ds4,mc.svm,0.6064618022859695,0.504474042278173,0.549559253292731
ds4,mc.svm_UNDERB,0.4005671897606984,0.5073243397860459,0.4470512820031831
ds4,mc.svm_UNDERT,0.4176026006211007,0.5135911753313632,0.46000725271490345
ds4,mc.svm_UNDERTPhi,0.4005086807161259,0.5241811706895901,0.45335273834295065
ds4,mc.svm_OVERB,0.405281601850848,0.4891315457007734,0.44294578007758006
ds4,mc.svm_OVERT,0.3968707220672992,0.4856550102174025,0.43636871643299957
ds4,mc.svm_OVERTPhi,0.3966390362681596,0.48119436786129244,0.43428314774832605
ds4,mc.svm_SMOTEB,0.3711197935460387,0.48864486267434953,0.42157158423712815
ds4,mc.svm_SMOTET,0.40265763763516305,0.5075378859736568,0.4484069993926825
ds4,mc.svm_SMOTETPhi,0.38416011704552633,0.5031010525617836,0.4352416391808096
ds4,mc.mars,0.5630826607439804,0.4716356163514994,0.5123590423834672
ds4,mc.mars_UNDERB,0.4291208361895631,0.4978547891897454,0.45985393596924484
ds4,mc.mars_UNDERT,0.4346987129305225,0.4979129390654147,0.4630259957451102
ds4,mc.mars_UNDERTPhi,0.42332810649870667,0.5025187192516903,0.45903550086153866
ds4,mc.mars_OVERB,0.4658282911878507,0.5082613163468561,0.48506763406474157
ds4,mc.mars_OVERT,0.4846114902504648,0.5328813757896053,0.5062975283511829
ds4,mc.mars_OVERTPhi,0.4805642584046436,0.5282605103929887,0.5021263197185306
ds4,mc.mars_SMOTEB,0.4546984074619905,0.535159091769485,0.49108317318839445
ds4,mc.mars_SMOTET,0.4740323276576788,0.5336781260999393,0.5015321423966671
ds4,mc.mars_SMOTETPhi,0.4561234483710226,0.5476181767282138,0.49694243506730035
ds4,mc.rf,0.6692631619322519,0.48678605848841594,0.5630497040096506
ds4,mc.rf_UNDERB,0.5532797161139422,0.550309473664492,0.5502089882686899
ds4,mc.rf_UNDERT,0.5692728099542109,0.5463477079739196,0.5559920106725552
ds4,mc.rf_UNDERTPhi,0.5575810105706532,0.5503312687682718,0.5524000495707949
ds4,mc.rf_OVERB,0.6467936843806481,0.5067177728913405,0.5672384148139965
ds4,mc.rf_OVERT,0.6422316684989885,0.508510947834739,0.5665625783761351
ds4,mc.rf_OVERTPhi,0.6450696108172881,0.5069630607950644,0.5666747018290956
ds4,mc.rf_SMOTEB,0.5457900758768335,0.5601918835738566,0.5521984986218824
ds4,mc.rf_SMOTET,0.5576988688639237,0.5640389973131738,0.5599778289689964
ds4,mc.rf_SMOTETPhi,0.5319834440918885,0.566285155366256,0.5479332437524197
ds4,mc.rpart,0.6520179907916622,0.47021536054569,0.5328711565017389
ds4,mc.rpart_UNDERB,0.5938424232526444,0.5429796073372303,0.5628804866205069
ds4,mc.rpart_UNDERT,0.6234590783369278,0.5408313302889547,0.5751814980334969
ds4,mc.rpart_UNDERTPhi,0.6004380413930583,0.5387756951692648,0.5641121382135981
ds4,mc.rpart_OVERB,0.6359858414988284,0.5567792847839865,0.5927991976976532
ds4,mc.rpart_OVERT,0.6252824682149523,0.5531024586739903,0.5852405033263118
ds4,mc.rpart_OVERTPhi,0.6370621320686751,0.5483928096488678,0.5880986345477748
ds4,mc.rpart_SMOTEB,0.5864770558124582,0.564589383411141,0.5748510962699916
ds4,mc.rpart_SMOTET,0.5605943115974299,0.5636296071157257,0.5614712142523398
ds4,mc.rpart_SMOTETPhi,0.5655345658009024,0.5700643454206175,0.5666656476049836
ds4,mc.arima,0.6435916796616472,0.5108755901023904,0.567904764777664
ds4,mc.BDES,0.7586372376690158,0.5350082655964994,0.6273037119249085
ds5,mc.lm,0.2912871500263774,0.42632438888114793,0.34468110847318933
ds5,mc.lm_UNDERB,0.451261272238991,0.5293353693095539,0.4869923906704327
ds5,mc.lm_UNDERT,0.4511616794856652,0.5290097746884896,0.48684285632429997
ds5,mc.lm_UNDERTPhi,0.45021268645707296,0.5422090539030863,0.4917618266146353
ds5,mc.lm_OVERB,0.4425851972088236,0.5273734513863593,0.48111864102002355
ds5,mc.lm_OVERT,0.44362546312945594,0.5180760390614909,0.47795330729958857
ds5,mc.lm_OVERTPhi,0.4435578044582946,0.5175193338196642,0.4776771452575329
ds5,mc.lm_SMOTEB,0.44010545527123357,0.5658880370986629,0.4950251900847143
ds5,mc.lm_SMOTET,0.4362305100656614,0.5639009804725412,0.4917077076800731
ds5,mc.lm_SMOTETPhi,0.43265219136101263,0.5716705287946839,0.49232989068468425
ds5,mc.svm,0.37581525695320606,0.43632366436639863,0.40250068962175256
ds5,mc.svm_UNDERB,0.489701784810392,0.5662894403739793,0.5251362478762711
ds5,mc.svm_UNDERT,0.48710967734728455,0.5660093992771883,0.52348508148193
ds5,mc.svm_UNDERTPhi,0.47836606654444536,0.5868716320581331,0.5270315332751695
ds5,mc.svm_OVERB,0.4794996571372424,0.5791197259614586,0.5245866269336426
ds5,mc.svm_OVERT,0.473023971604799,0.56334789565284,0.5142059031345462
ds5,mc.svm_OVERTPhi,0.47195227170091963,0.5630048714521501,0.5134376137693732
ds5,mc.svm_SMOTEB,0.4480300795920902,0.6119101384470914,0.5172649800629192
ds5,mc.svm_SMOTET,0.4440879068759178,0.6094173045522953,0.5137300730633853
ds5,mc.svm_SMOTETPhi,0.43906474998014544,0.6198474275096921,0.5139955555140978
ds5,mc.mars,0.40860233894916265,0.4305704856818045,0.41136102065358116
ds5,mc.mars_UNDERB,0.4946232004626339,0.5355844282986375,0.5139301860153487
ds5,mc.mars_UNDERT,0.49392655035208594,0.5342865913960884,0.5129642311202679
ds5,mc.mars_UNDERTPhi,0.487757907253806,0.5473208589587152,0.5156074848992599
ds5,mc.mars_OVERB,0.4707703293361751,0.525626523556953,0.49648732333116014
ds5,mc.mars_OVERT,0.4635586213217139,0.5157914867986428,0.4877380296701507
ds5,mc.mars_OVERTPhi,0.47685579706999937,0.5198251703458273,0.4970197458047705
ds5,mc.mars_SMOTEB,0.45560495633038955,0.559269252559607,0.5020389614023072
ds5,mc.mars_SMOTET,0.46607292607134193,0.5631058711205984,0.5098777105333355
ds5,mc.mars_SMOTETPhi,0.4583014112430542,0.5670874265540022,0.5068078402867121
ds5,mc.rf,0.38431459997095657,0.46080827758452847,0.4182457617537534
ds5,mc.rf_UNDERB,0.5244080375284504,0.5866100842135922,0.5536497609040972
ds5,mc.rf_UNDERT,0.5235353447291281,0.5877795955880901,0.5536590279978171
ds5,mc.rf_UNDERTPhi,0.5152765440345114,0.5947930521471313,0.5520854602186569
ds5,mc.rf_OVERB,0.4355316937240765,0.4717551496857758,0.4523658647178259
ds5,mc.rf_OVERT,0.4376890003821419,0.4687780499221618,0.45244835051619536
ds5,mc.rf_OVERTPhi,0.44143876592400644,0.46901054538135756,0.4544869930492169
ds5,mc.rf_SMOTEB,0.5345692421102549,0.5056144447691812,0.5195855429041035
ds5,mc.rf_SMOTET,0.509122300257758,0.4995630832166404,0.5037358086463078
ds5,mc.rf_SMOTETPhi,0.49345893856114925,0.5248546755426007,0.5082262025799049
ds5,mc.rpart,0.36623614129508064,0.4486796296519384,0.3912784565659473
ds5,mc.rpart_UNDERB,0.47201787659586125,0.5772419604737492,0.5190988318709343
ds5,mc.rpart_UNDERT,0.4691143448830287,0.5797103992015812,0.5183177913289838
ds5,mc.rpart_UNDERTPhi,0.4635323933060819,0.5890606658696104,0.5185274258563833
ds5,mc.rpart_OVERB,0.5054091677347107,0.5746415702402049,0.5377254205308394
ds5,mc.rpart_OVERT,0.49922723232900684,0.5702447028383938,0.5321130549391395
ds5,mc.rpart_OVERTPhi,0.49634221040978893,0.570536326237542,0.530514449921638
ds5,mc.rpart_SMOTEB,0.4670676953458829,0.5888126456968475,0.5207493264976658
ds5,mc.rpart_SMOTET,0.46717396623105434,0.5529430809478834,0.5062039644659677
ds5,mc.rpart_SMOTETPhi,0.452601854863686,0.5815650620785978,0.5087464755760783
ds5,mc.arima,0.06388069963586009,0.44740536896831457,0.07049926253874769
ds5,mc.BDES,0.23770094524361254,0.4233626026491651,0.2563121399079859
ds6,mc.lm,1e-05,0.3944811888909224,1.9999492887756467e-05
ds6,mc.lm_UNDERB,0.40574857111745793,0.4624467695716206,0.4319296818785194
ds6,mc.lm_UNDERT,0.40364989521776257,0.46321291788815316,0.43102803183676885
ds6,mc.lm_UNDERTPhi,0.407481090527851,0.47159647579519465,0.4369362607398362
ds6,mc.lm_OVERB,0.4047941508118271,0.4634745495008522,0.43182712713026206
ds6,mc.lm_OVERT,0.4090568589489378,0.46201330728682266,0.4336744744089986
ds6,mc.lm_OVERTPhi,0.41158734899845223,0.46331606744734954,0.43559280500256764
ds6,mc.lm_SMOTEB,0.401846933101232,0.5060951862985226,0.44793909799854953
ds6,mc.lm_SMOTET,0.4046674660742241,0.5017278433922627,0.4477745954344461
ds6,mc.lm_SMOTETPhi,0.4024914485818698,0.5080546643195356,0.44899250816324515
ds6,mc.svm,0.3083355327574153,0.402835657893192,0.3483498247167314
ds6,mc.svm_UNDERB,0.3894289545805875,0.5166282080700312,0.4440117310218828
ds6,mc.svm_UNDERT,0.39109559069123806,0.516126490295461,0.44494168884603125
ds6,mc.svm_UNDERTPhi,0.4042003773283397,0.548744381392094,0.4654599862300684
ds6,mc.svm_OVERB,0.4007724041498532,0.523426330992931,0.45391715936988175
ds6,mc.svm_OVERT,0.3885470829007135,0.5056187546916923,0.43938090446850836
ds6,mc.svm_OVERTPhi,0.3892902634721322,0.5075663274773895,0.4405990718355287
ds6,mc.svm_SMOTEB,0.39485068770398213,0.5710617016486274,0.4668563287694068
ds6,mc.svm_SMOTET,0.3839381731701792,0.5505006756023334,0.45232382548532873
ds6,mc.svm_SMOTETPhi,0.3826349727124834,0.5643160321993174,0.45600208774924605
ds6,mc.mars,0.1796298885330003,0.3996477434597016,0.21223557013110514
ds6,mc.mars_UNDERB,0.41676051637376965,0.47742120624233225,0.4447948226210505
ds6,mc.mars_UNDERT,0.4143063180597214,0.4767834668458424,0.44314916253611064
ds6,mc.mars_UNDERTPhi,0.4157577010432232,0.48709880822795576,0.44839395803089344
ds6,mc.mars_OVERB,0.418567681425712,0.4768847379895241,0.44570819421287583
ds6,mc.mars_OVERT,0.4110327602247578,0.47473513229103337,0.4403444803588048
ds6,mc.mars_OVERTPhi,0.4126143702805235,0.47584605596662727,0.44171111237361727
ds6,mc.mars_SMOTEB,0.4155091622148466,0.5183139854828553,0.4611277198222541
ds6,mc.mars_SMOTET,0.4028043731269173,0.5145800199755892,0.45171427369449246
ds6,mc.mars_SMOTETPhi,0.4042653184032329,0.5226545445751318,0.45576914650538747
ds6,mc.rf,0.09175497879088677,0.41777531528626904,0.1106818348374323
ds6,mc.rf_UNDERB,0.46596495499143337,0.5027553929442443,0.48328982644296253
ds6,mc.rf_UNDERT,0.46483342560082086,0.5017824468300904,0.4823232332275241
ds6,mc.rf_UNDERTPhi,0.45755686695639075,0.5176075588660247,0.485617855145793
ds6,mc.rf_OVERB,0.3857134541393338,0.42027426868007217,0.39350036713551684
ds6,mc.rf_OVERT,0.3431000133262055,0.418571153882829,0.37066117426411777
ds6,mc.rf_OVERTPhi,0.35109715910265943,0.4187106777790472,0.37615483344193346
ds6,mc.rf_SMOTEB,0.47212122089052627,0.4772670754434873,0.47408255162868085
ds6,mc.rf_SMOTET,0.4514397831035465,0.47193454818731434,0.46104229120144197
ds6,mc.rf_SMOTETPhi,0.4426589561416273,0.4952529066314858,0.467241727304869
ds6,mc.rpart,0.3612401504128331,0.4089052473830478,0.3823547178534939
ds6,mc.rpart_UNDERB,0.37567521401574533,0.5023087105135017,0.4297067334099632
ds6,mc.rpart_UNDERT,0.3767935612649722,0.5070545832973017,0.4321269332261072
ds6,mc.rpart_UNDERTPhi,0.38193565212611624,0.528954497721504,0.44335494782444224
ds6,mc.rpart_OVERB,0.4044773243901412,0.47924829199555496,0.43852254357720694
ds6,mc.rpart_OVERT,0.40485523144453117,0.46397051795234634,0.4322705252166503
ds6,mc.rpart_OVERTPhi,0.4067615679698573,0.4680350603451885,0.4351617981688476
ds6,mc.rpart_SMOTEB,0.40394434248689287,0.5243224528314608,0.45616302125134633
ds6,mc.rpart_SMOTET,0.39050966702740586,0.505675696760103,0.4404787092211865
ds6,mc.rpart_SMOTETPhi,0.39395174951460005,0.5289883613590256,0.4513942932012086
ds6,mc.arima,1e-05,0.42044625579638883,1.999952349371981e-05
ds6,mc.BDES,1e-05,0.3888155895022117,1.9999485576896705e-05
ds7,mc.lm,0.6951702669168104,0.4466380948512082,0.5415135034807054
ds7,mc.lm_UNDERB,0.5568965618781102,0.5214699274407243,0.5385417041693945
ds7,mc.lm_UNDERT,0.5568641241616678,0.5209587765131078,0.5382565346559084
ds7,mc.lm_UNDERTPhi,0.5486693374788147,0.5320153668169082,0.5401564580860123
ds7,mc.lm_OVERB,0.5505220812169724,0.5249752734449527,0.5373886790223525
ds7,mc.lm_OVERT,0.5540170184826061,0.5208117219913404,0.536879673769421
ds7,mc.lm_OVERTPhi,0.5531981295538766,0.5224538699701073,0.5373416506451165
ds7,mc.lm_SMOTEB,0.541539033694546,0.5545154021236585,0.5479284007068044
ds7,mc.lm_SMOTET,0.5419490888459993,0.5645234710686808,0.5529447122150924
ds7,mc.lm_SMOTETPhi,0.537776899140388,0.5697542954248505,0.5532426882609578
ds7,mc.svm,0.47661406468302425,0.4382257544798257,0.45613522973726
ds7,mc.svm_UNDERB,0.49276525909575075,0.5380170282655454,0.5143104457707426
ds7,mc.svm_UNDERT,0.4887889247413774,0.53876711685889,0.5124788254089607
ds7,mc.svm_UNDERTPhi,0.4983083046907149,0.5632926843515582,0.5287791496323682
ds7,mc.svm_OVERB,0.4773483212034737,0.5386387902577975,0.506103278377451
ds7,mc.svm_OVERT,0.4718159452443696,0.5323820820498885,0.5001929523499968
ds7,mc.svm_OVERTPhi,0.47105839297176627,0.5319882834646033,0.49959439958830965
ds7,mc.svm_SMOTEB,0.46326678365904356,0.5683836649455091,0.5104450614186521
ds7,mc.svm_SMOTET,0.46182964226748624,0.5672918338071417,0.5091399947677288
ds7,mc.svm_SMOTETPhi,0.4547521838173486,0.57489739258395,0.5077975338930834
ds7,mc.mars,0.514529327450266,0.44537722795093676,0.4763854044287977
ds7,mc.mars_UNDERB,0.5544152181470466,0.5173680203956207,0.5351762019468699
ds7,mc.mars_UNDERT,0.5512435178218351,0.5168052190997686,0.533388564312971
ds7,mc.mars_UNDERTPhi,0.5523330789855687,0.5276191333265313,0.5396246357396104
ds7,mc.mars_OVERB,0.5496061527904527,0.5209988341058638,0.5348480495061887
ds7,mc.mars_OVERT,0.5535882971678523,0.5158347944927734,0.5339651162045451
ds7,mc.mars_OVERTPhi,0.5532313772051765,0.5170753635645756,0.5344718053582411
ds7,mc.mars_SMOTEB,0.5454431105818278,0.5479065380575676,0.5466514408926817
ds7,mc.mars_SMOTET,0.5426873569714833,0.557885900505128,0.5501139300279835
ds7,mc.mars_SMOTETPhi,0.5387847642250531,0.5626095075903851,0.5503852023390391
ds7,mc.rf,0.5524321214849716,0.470580964589747,0.5075327925352019
ds7,mc.rf_UNDERB,0.5844561940666112,0.5444594601046305,0.5636093159371276
ds7,mc.rf_UNDERT,0.5830407668045199,0.5443366735398241,0.562917825374393
ds7,mc.rf_UNDERTPhi,0.5823127976825808,0.558712005439676,0.5701473637908819
ds7,mc.rf_OVERB,0.5624805291274098,0.48674013962002877,0.5215681305353769
ds7,mc.rf_OVERT,0.5680854724634771,0.48462057363693517,0.5227780371899889
ds7,mc.rf_OVERTPhi,0.5646592130286242,0.484473045471039,0.5212302680399575
ds7,mc.rf_SMOTEB,0.5581810663211413,0.5300546468410315,0.5436839644980042
ds7,mc.rf_SMOTET,0.5564023683921924,0.5334660709031498,0.5446085624381372
ds7,mc.rf_SMOTETPhi,0.5510767511749877,0.5538879110531623,0.5524049073883925
ds7,mc.rpart,0.56869257276025,0.4681863380799004,0.5132648462256615
ds7,mc.rpart_UNDERB,0.5118379376043548,0.5494724839669095,0.5298215431955456
ds7,mc.rpart_UNDERT,0.5108109070437051,0.5457363017625539,0.5276168223891092
ds7,mc.rpart_UNDERTPhi,0.5181369980063754,0.5649303091073228,0.5404278345443995
ds7,mc.rpart_OVERB,0.48623488383027946,0.5506271748104069,0.5162563568063069
ds7,mc.rpart_OVERT,0.4756334707343887,0.5474368556594466,0.5087115316600265
ds7,mc.rpart_OVERTPhi,0.4712436956657373,0.5469959458033652,0.5060365991893254
ds7,mc.rpart_SMOTEB,0.4847500967720043,0.5658154020532777,0.5220788645167534
ds7,mc.rpart_SMOTET,0.46077806183130077,0.5523195742548945,0.5023483200977242
ds7,mc.rpart_SMOTETPhi,0.46314980944543443,0.5718279385884089,0.511726299373794
ds7,mc.arima,0.48180035391143655,0.4538536440558614,0.39639336692363
ds7,mc.BDES,1e-05,0.4564051344775267,1.9999561782446218e-05
ds8,mc.lm,0.5431470073447974,0.46771578574767114,0.5025667008917922
ds8,mc.lm_UNDERB,0.47294014300237414,0.5179666348324145,0.49438002983613566
ds8,mc.lm_UNDERT,0.48227767118335163,0.5137270626721938,0.49732859326440537
ds8,mc.lm_UNDERTPhi,0.4475711049940406,0.5616900935040294,0.498059850093463
ds8,mc.lm_OVERB,0.44881021449629904,0.5147730921644148,0.47950600361259177
ds8,mc.lm_OVERT,0.45211188660021734,0.5194241412117225,0.48341705036108334
ds8,mc.lm_OVERTPhi,0.45126036942130526,0.5192310002074235,0.48284888761166045
ds8,mc.lm_SMOTEB,0.42826041053192804,0.5345456441000068,0.4755203012577247
ds8,mc.lm_SMOTET,0.4488546099030322,0.537405063659818,0.4891156518900244
ds8,mc.lm_SMOTETPhi,0.41639969392755594,0.5693412318472731,0.4809416908205636
ds8,mc.svm,0.6541409054021166,0.6432203088289118,0.6485148426899712
ds8,mc.svm_UNDERB,0.6050219731817957,0.6625963109874081,0.6323959491688818
ds8,mc.svm_UNDERT,0.6108550610484762,0.6603561377573254,0.6344575997952504
ds8,mc.svm_UNDERTPhi,0.5747255511812317,0.6547722700694628,0.6117980594721107
ds8,mc.svm_OVERB,0.6227797235039342,0.6736735654684783,0.6470902500993597
ds8,mc.svm_OVERT,0.6318866516664869,0.6861937220294811,0.6577749346796294
ds8,mc.svm_OVERTPhi,0.6328165390393089,0.6865332506039263,0.6584447298499518
ds8,mc.svm_SMOTEB,0.5835716720503492,0.6730153195831028,0.6249733658604326
ds8,mc.svm_SMOTET,0.5883487003634744,0.6529747137278386,0.6187280624255488
ds8,mc.svm_SMOTETPhi,0.5288673977487739,0.6461096601066617,0.5813650864071125
ds8,mc.mars,0.6020958658915349,0.5738550323738749,0.5873740576652176
ds8,mc.mars_UNDERB,0.6349048653743283,0.6422482091128009,0.6385058956626443
ds8,mc.mars_UNDERT,0.6420300280399247,0.6447348482157065,0.643324645245334
ds8,mc.mars_UNDERTPhi,0.650207748337899,0.6600752173505007,0.6548529948211491
ds8,mc.mars_OVERB,0.6497060718660009,0.665715978603021,0.6575647147489397
ds8,mc.mars_OVERT,0.6451298816121871,0.6581012900272164,0.6515013778514895
ds8,mc.mars_OVERTPhi,0.6441477716910393,0.658160140141512,0.6510355737722047
ds8,mc.mars_SMOTEB,0.6474773814191433,0.678937084359446,0.662765534708021
ds8,mc.mars_SMOTET,0.575889707537072,0.5973976410024832,0.5863507117560449
ds8,mc.mars_SMOTETPhi,0.5856219260540815,0.6386544846464688,0.6108409808000445
ds8,mc.rf,0.7194192519150292,0.6783047213798845,0.6982048843586994
ds8,mc.rf_UNDERB,0.7300849880323088,0.7014194527977275,0.7154193144476969
ds8,mc.rf_UNDERT,0.7296847562535272,0.6997655546802561,0.7143713566896684
ds8,mc.rf_UNDERTPhi,0.7298268381620132,0.6992812354491688,0.7142038130800085
ds8,mc.rf_OVERB,0.731577052495463,0.6921963564280352,0.7113115581372726
ds8,mc.rf_OVERT,0.7330365419093057,0.6925493520752007,0.7121912704942622
ds8,mc.rf_OVERTPhi,0.7316161715031765,0.6923518088077842,0.7114179167661261
ds8,mc.rf_SMOTEB,0.7312578975462104,0.7101017585671947,0.7204908343251301
ds8,mc.rf_SMOTET,0.7246976574361671,0.7001614445515837,0.7121864332847355
ds8,mc.rf_SMOTETPhi,0.7225254319268682,0.7015668339542234,0.7118705696685272
ds8,mc.rpart,0.6554782010067564,0.6307160465388069,0.6427848780288429
ds8,mc.rpart_UNDERB,0.6615888681211941,0.65960996083661,0.6604399294755631
ds8,mc.rpart_UNDERT,0.663367997287142,0.6593675169813723,0.6612330351748491
ds8,mc.rpart_UNDERTPhi,0.646001456527441,0.6651962575800205,0.6552900106700291
ds8,mc.rpart_OVERB,0.6642867831079086,0.6692032869272196,0.6666244784598493
ds8,mc.rpart_OVERT,0.6712366588408913,0.6762339418751595,0.673614610002693
ds8,mc.rpart_OVERTPhi,0.6700258406402824,0.6756561935056214,0.6727354280604881
ds8,mc.rpart_SMOTEB,0.6612279041255706,0.6834170748984454,0.6720815486474355
ds8,mc.rpart_SMOTET,0.6375537537664361,0.6657443317556837,0.6512592948653888
ds8,mc.rpart_SMOTETPhi,0.6278153621835155,0.6708071172952649,0.6484891620196643
ds8,mc.arima,0.6255988629265548,0.41826328157225456,0.5012612901014236
ds8,mc.BDES,0.45238116668245887,0.49923636427120505,0.47357288419537646
ds9,mc.lm,0.2378689689050458,0.2562602572444598,0.24582671445821444
ds9,mc.lm_UNDERB,0.23600620973567754,0.23515375829653062,0.2352026027796779
ds9,mc.lm_UNDERT,0.23382079226680694,0.23593472551468309,0.23460376394748575
ds9,mc.lm_UNDERTPhi,0.2335799735504805,0.24054398555107157,0.23677267250298142
ds9,mc.lm_OVERB,0.24125383010382154,0.24640277294916202,0.24341170873530804
ds9,mc.lm_OVERT,0.2300292085447413,0.23429259747033127,0.2317251551538047
ds9,mc.lm_OVERTPhi,0.22965030971991418,0.2323615638807816,0.23052448917402227
ds9,mc.lm_SMOTEB,0.23727255184184823,0.2447226986271797,0.24063901134373925
ds9,mc.lm_SMOTET,0.25148366457999555,0.2407380024879397,0.24565075779272177
ds9,mc.lm_SMOTETPhi,0.2478542473457635,0.24342758869138678,0.24533741549860882
ds9,mc.svm,0.282807704083428,0.30432457117544115,0.29055234081653397
ds9,mc.svm_UNDERB,0.28633361034797483,0.30132057110002913,0.29333473991065284
ds9,mc.svm_UNDERT,0.2889585673100909,0.30365306592823615,0.29557814718948977
ds9,mc.svm_UNDERTPhi,0.2696482155636391,0.2958710045243145,0.2812091828206469
ds9,mc.svm_OVERB,0.2773219350578918,0.2941368071826943,0.28510597253984293
ds9,mc.svm_OVERT,0.2834102703963514,0.29209986858510145,0.28732634108640126
ds9,mc.svm_OVERTPhi,0.28766892736685507,0.29765122891630436,0.29223605356897725
ds9,mc.svm_SMOTEB,0.2888419918169555,0.2910377055185685,0.2897984852411237
ds9,mc.svm_SMOTET,0.2857508573831723,0.27590009817127237,0.280495792892149
ds9,mc.svm_SMOTETPhi,0.2811468522549912,0.2756111377038297,0.2779441665010858
ds9,mc.mars,0.24962208140820377,0.29465250284944444,0.2699656811393164
ds9,mc.mars_UNDERB,0.25247249882578715,0.2791133108958329,0.2641275471694709
ds9,mc.mars_UNDERT,0.25169381126604756,0.2783097287935654,0.26325039472388456
ds9,mc.mars_UNDERTPhi,0.272711707303547,0.2944583326704139,0.28256354673283046
ds9,mc.mars_OVERB,0.25712933036181473,0.2724220818521569,0.26394510171067087
ds9,mc.mars_OVERT,0.26183063901579073,0.2809285475975092,0.2704919497971531
ds9,mc.mars_OVERTPhi,0.25396793457954714,0.2757910998918807,0.26376630043385335
ds9,mc.mars_SMOTEB,0.2717031853621901,0.2882332602201018,0.27935963640895506
ds9,mc.mars_SMOTET,0.28023774833566617,0.28193290775889024,0.28080383879875986
ds9,mc.mars_SMOTETPhi,0.28630325235016246,0.29191902200787956,0.2887648486167426
ds9,mc.rf,0.21911704292638046,0.25361921331680803,0.23480917402482743
ds9,mc.rf_UNDERB,0.23738630643325004,0.256680712276032,0.24613187759088448
ds9,mc.rf_UNDERT,0.23765609273652422,0.2575514794628353,0.2467885933041064
ds9,mc.rf_UNDERTPhi,0.2406164219982879,0.2607001644552191,0.2497552783244992
ds9,mc.rf_OVERB,0.20973362302168724,0.24975794645905616,0.2273715483065971
ds9,mc.rf_OVERT,0.21107459877303852,0.25192459771987075,0.22921023535568413
ds9,mc.rf_OVERTPhi,0.20804255483355735,0.2522669276455012,0.22730272059296136
ds9,mc.rf_SMOTEB,0.27217944131636856,0.2684848445674914,0.2697383324506917
ds9,mc.rf_SMOTET,0.2824899065493188,0.2794009213476399,0.28047517696639385
ds9,mc.rf_SMOTETPhi,0.2778378586823412,0.27632437852629754,0.2766140338897293
ds9,mc.rpart,0.3154251472381264,0.30251867633878027,0.3073150081076946
ds9,mc.rpart_UNDERB,0.3030982373524894,0.3068070929521693,0.3039629344329876
ds9,mc.rpart_UNDERT,0.2917621832042382,0.3008552463505689,0.2955221808945608
ds9,mc.rpart_UNDERTPhi,0.3022511956274262,0.29550739769678747,0.29828880449319495
ds9,mc.rpart_OVERB,0.25938428057600393,0.267310495517481,0.2626533090808676
ds9,mc.rpart_OVERT,0.25654961128369025,0.2667048647374387,0.2608616641195442
ds9,mc.rpart_OVERTPhi,0.2622337870821557,0.26615954370506545,0.26343781504901537
ds9,mc.rpart_SMOTEB,0.3013337421911736,0.29158784935911836,0.2957708241808893
ds9,mc.rpart_SMOTET,0.29000423065102326,0.274989964878223,0.2814961971479347
ds9,mc.rpart_SMOTETPhi,0.2940386655246477,0.2767981044359843,0.2842639505893112
ds9,mc.arima,0.2560225056104715,0.2850079747538344,0.26897661110021415
ds9,mc.BDES,0.29828310034257177,0.293762500991577,0.2957015892720536
