workflow,model_family,strategy,variant_index,cost,gamma,un,ov,prec,rec,F1
mc.svm,svm,baseline,,,,,,0.296360738262764,0.477679699518938,0.329926971882308
mc.svm_UNDERB1,svm,UNDERB,1.0,10.0,0.01,0.1,,0.508474332627161,0.501504766502086,0.507603528749919
mc.svm_UNDERB2,svm,UNDERB,2.0,150.0,0.01,0.1,,0.46179719394391,0.528292986119302,0.49884335459373
mc.svm_UNDERB3,svm,UNDERB,3.0,300.0,0.01,0.1,,0.428565489087428,0.525383464194662,0.468690046038578
mc.svm_UNDERB4,svm,UNDERB,4.0,10.0,0.001,0.1,,0.317846381104798,0.454541672537172,0.455759470483464
mc.svm_UNDERB5,svm,UNDERB,5.0,150.0,0.001,0.1,,0.495116478220732,0.488519557675063,0.491557560191026
mc.svm_UNDERB6,svm,UNDERB,6.0,300.0,0.001,0.1,,0.489674799378698,0.494538167685256,0.488669402922838
mc.svm_UNDERB7,svm,UNDERB,7.0,10.0,0.01,0.2,,0.437814504114283,0.476243627903561,0.467244816448024
mc.svm_UNDERB8,svm,UNDERB,8.0,150.0,0.01,0.2,,0.452569485851275,0.482811500093985,0.460521806506396
mc.svm_UNDERB9,svm,UNDERB,9.0,300.0,0.01,0.2,,0.416769645040445,0.480875552230139,0.434481955884371
mc.svm_UNDERB10,svm,UNDERB,10.0,10.0,0.001,0.2,,0.110872568623348,0.441306312387289,1.99995459349312e-05
mc.svm_UNDERB11,svm,UNDERB,11.0,150.0,0.001,0.2,,0.522884210259155,0.478294593685806,0.49424941324118
mc.svm_UNDERB12,svm,UNDERB,12.0,300.0,0.001,0.2,,0.533410705391093,0.481497621558792,0.503607579342726
mc.svm_UNDERB13,svm,UNDERB,13.0,10.0,0.01,0.4,,0.217736311171404,0.468624010007947,1.99995825311382e-05
mc.svm_UNDERB14,svm,UNDERB,14.0,150.0,0.01,0.4,,0.37897447408558,0.490290911004671,0.465780307566978
mc.svm_UNDERB15,svm,UNDERB,15.0,300.0,0.01,0.4,,0.440168182202981,0.499116553401696,0.491327640285453
mc.svm_UNDERB16,svm,UNDERB,16.0,10.0,0.001,0.4,,1e-05,0.427453591480476,1.99995264805341e-05
mc.svm_UNDERB17,svm,UNDERB,17.0,150.0,0.001,0.4,,0.186887205553356,0.459919077394458,1.99995666362991e-05
mc.svm_UNDERB18,svm,UNDERB,18.0,300.0,0.001,0.4,,0.188046433338538,0.465603086436881,1.9999569782378e-05
mc.svm_UNDERB19,svm,UNDERB,19.0,10.0,0.01,0.6,,0.170293361825476,0.456087544678075,1.99995706846046e-05
mc.svm_UNDERB20,svm,UNDERB,20.0,150.0,0.01,0.6,,0.340152587866859,0.485296926700077,0.415523905817289
mc.svm_UNDERB21,svm,UNDERB,21.0,300.0,0.01,0.6,,0.394442477441613,0.490600994324016,0.432217098392819
mc.svm_UNDERB22,svm,UNDERB,22.0,10.0,0.001,0.6,,1e-05,0.423320016806674,1.99995291705066e-05
mc.svm_UNDERB23,svm,UNDERB,23.0,150.0,0.001,0.6,,0.133651193410352,0.444742455749234,1.9999553958724e-05
mc.svm_UNDERB24,svm,UNDERB,24.0,300.0,0.001,0.6,,0.269204508661303,0.449509185665397,1.99995677383022e-05
mc.svm_UNDERB25,svm,UNDERB,25.0,10.0,0.01,0.8,,0.178713844856884,0.45320802864856,1.99995644308555e-05
mc.svm_UNDERB26,svm,UNDERB,26.0,150.0,0.01,0.8,,0.31292739376221,0.48331583370989,0.443381882283485
mc.svm_UNDERB27,svm,UNDERB,27.0,300.0,0.01,0.8,,0.426102406434099,0.485395433850361,0.447385882739116
mc.svm_UNDERB28,svm,UNDERB,28.0,10.0,0.001,0.8,,1e-05,0.422682221635123,1.99995243560291e-05
mc.svm_UNDERB29,svm,UNDERB,29.0,150.0,0.001,0.8,,1e-05,0.44449122684424,1.99995495480474e-05
mc.svm_UNDERB30,svm,UNDERB,30.0,300.0,0.001,0.8,,0.093214472557758,0.447978342044563,1.99995519967589e-05
mc.svm_UNDERT1,svm,UNDERT,1.0,10.0,0.01,0.1,,0.497062060420023,0.496675298116821,0.490584221165161
mc.svm_UNDERT2,svm,UNDERT,2.0,150.0,0.01,0.1,,0.464589489055136,0.503891084523076,0.479937807602082
mc.svm_UNDERT3,svm,UNDERT,3.0,300.0,0.01,0.1,,0.416262057495323,0.50311252831257,0.445425465081475
mc.svm_UNDERT4,svm,UNDERT,4.0,10.0,0.001,0.1,,0.390390421449131,0.447041471293324,0.483395271456028
mc.svm_UNDERT5,svm,UNDERT,5.0,150.0,0.001,0.1,,0.477906181006023,0.492087209318143,0.478268214121932
mc.svm_UNDERT6,svm,UNDERT,6.0,300.0,0.001,0.1,,0.483848404903462,0.499830160719562,0.482190939831133
mc.svm_UNDERT7,svm,UNDERT,7.0,10.0,0.01,0.2,,0.53891967256751,0.472876131491731,0.508209781450787
mc.svm_UNDERT8,svm,UNDERT,8.0,150.0,0.01,0.2,,0.443023033440425,0.491928273122176,0.467564603391873
mc.svm_UNDERT9,svm,UNDERT,9.0,300.0,0.01,0.2,,0.424145242149181,0.490938672369172,0.453913672500132
mc.svm_UNDERT10,svm,UNDERT,10.0,10.0,0.001,0.2,,0.240927057556296,0.433211507405017,1.9999545618722e-05
mc.svm_UNDERT11,svm,UNDERT,11.0,150.0,0.001,0.2,,0.551245063289852,0.468811348833733,0.508403233738555
mc.svm_UNDERT12,svm,UNDERT,12.0,300.0,0.001,0.2,,0.544399016768232,0.473074953105723,0.500905406659565
mc.svm_UNDERT13,svm,UNDERT,13.0,10.0,0.01,0.4,,0.277213881740982,0.469859017536388,0.228364001297523
mc.svm_UNDERT14,svm,UNDERT,14.0,150.0,0.01,0.4,,0.358715522588505,0.488048251393772,0.460172197337028
mc.svm_UNDERT15,svm,UNDERT,15.0,300.0,0.01,0.4,,0.337965315992388,0.492890704526898,0.455416484296078
mc.svm_UNDERT16,svm,UNDERT,16.0,10.0,0.001,0.4,,1e-05,0.429396519434093,1.99995279035729e-05
mc.svm_UNDERT17,svm,UNDERT,17.0,150.0,0.001,0.4,,0.462530155190833,0.468067402922814,0.53942356703147
mc.svm_UNDERT18,svm,UNDERT,18.0,300.0,0.001,0.4,,0.518819768582261,0.471687823827179,0.538545829857447
mc.svm_UNDERT19,svm,UNDERT,19.0,10.0,0.01,0.6,,0.157026942968884,0.461587858392209,1.99995748376757e-05
mc.svm_UNDERT20,svm,UNDERT,20.0,150.0,0.01,0.6,,0.281203817243232,0.480886939841432,0.427902133017219
mc.svm_UNDERT21,svm,UNDERT,21.0,300.0,0.01,0.6,,0.273093659145503,0.483846316893133,0.411982184991442
mc.svm_UNDERT22,svm,UNDERT,22.0,10.0,0.001,0.6,,1e-05,0.42346957891734,1.99995249780247e-05
mc.svm_UNDERT23,svm,UNDERT,23.0,150.0,0.001,0.6,,0.076620683784404,0.450429527405134,1.99995504498483e-05
mc.svm_UNDERT24,svm,UNDERT,24.0,300.0,0.001,0.6,,0.0694069630336494,0.454203244982077,1.99995557032104e-05
mc.svm_UNDERT25,svm,UNDERT,25.0,10.0,0.01,0.8,,0.223042528886943,0.455159775744466,1.99995610641053e-05
mc.svm_UNDERT26,svm,UNDERT,26.0,150.0,0.01,0.8,,0.207959742992201,0.484056393768282,0.165745718758511
mc.svm_UNDERT27,svm,UNDERT,27.0,300.0,0.01,0.8,,0.318132013196514,0.486646425608935,0.419088105520715
mc.svm_UNDERT28,svm,UNDERT,28.0,10.0,0.001,0.8,,1e-05,0.421813348236138,1.9999523004241e-05
mc.svm_UNDERT29,svm,UNDERT,29.0,150.0,0.001,0.8,,1e-05,0.441768023752839,1.99995461134374e-05
mc.svm_UNDERT30,svm,UNDERT,30.0,300.0,0.001,0.8,,0.0971515845684498,0.447048380967815,1.99995507382812e-05
mc.svm_UNDERTPhi1,svm,UNDERTPhi,1.0,10.0,0.01,0.1,,0.500067182874902,0.512935747785561,0.505241367838401
mc.svm_UNDERTPhi2,svm,UNDERTPhi,2.0,150.0,0.01,0.1,,0.444457741139777,0.534924647876777,0.488394739277075
mc.svm_UNDERTPhi3,svm,UNDERTPhi,3.0,300.0,0.01,0.1,,0.423471790865537,0.524758491456368,0.474244969299202
mc.svm_UNDERTPhi4,svm,UNDERTPhi,4.0,10.0,0.001,0.1,,0.533316421659914,0.456993306007297,0.495446504754784
mc.svm_UNDERTPhi5,svm,UNDERTPhi,5.0,150.0,0.001,0.1,,0.476498955173063,0.49263621463817,0.480912513801375
mc.svm_UNDERTPhi6,svm,UNDERTPhi,6.0,300.0,0.001,0.1,,0.474167477928592,0.500675804903176,0.481638977369528
mc.svm_UNDERTPhi7,svm,UNDERTPhi,7.0,10.0,0.01,0.2,,0.506057129957013,0.503508720508031,0.496657745691017
mc.svm_UNDERTPhi8,svm,UNDERTPhi,8.0,150.0,0.01,0.2,,0.440766926771074,0.524355751954676,0.48953602474827
mc.svm_UNDERTPhi9,svm,UNDERTPhi,9.0,300.0,0.01,0.2,,0.431858513416568,0.52314735260389,0.470404855045358
mc.svm_UNDERTPhi10,svm,UNDERTPhi,10.0,10.0,0.001,0.2,,0.591953436956797,0.448175567055549,0.508972247948121
mc.svm_UNDERTPhi11,svm,UNDERTPhi,11.0,150.0,0.001,0.2,,0.513438786155917,0.48910959126557,0.49668483750689
mc.svm_UNDERTPhi12,svm,UNDERTPhi,12.0,300.0,0.001,0.2,,0.507188230151717,0.49655822713769,0.503126131852565
mc.svm_UNDERTPhi13,svm,UNDERTPhi,13.0,10.0,0.01,0.4,,0.515684908299925,0.48574469756218,0.496132686579621
mc.svm_UNDERTPhi14,svm,UNDERTPhi,14.0,150.0,0.01,0.4,,0.456133252026407,0.524631281852603,0.485063858100622
mc.svm_UNDERTPhi15,svm,UNDERTPhi,15.0,300.0,0.01,0.4,,0.430023506163421,0.533238698508687,0.474278015496409
mc.svm_UNDERTPhi16,svm,UNDERTPhi,16.0,10.0,0.001,0.4,,0.325906160690573,0.443129216383907,0.250100808599435
mc.svm_UNDERTPhi17,svm,UNDERTPhi,17.0,150.0,0.001,0.4,,0.511732458697809,0.476593233982388,0.490796255953681
mc.svm_UNDERTPhi18,svm,UNDERTPhi,18.0,300.0,0.001,0.4,,0.523797165066319,0.481625921525728,0.498426741858955
mc.svm_UNDERTPhi19,svm,UNDERTPhi,19.0,10.0,0.01,0.6,,0.484002487637351,0.474560591374632,0.532792028265284
mc.svm_UNDERTPhi20,svm,UNDERTPhi,20.0,150.0,0.01,0.6,,0.459086552512085,0.511216047906056,0.484267367196785
mc.svm_UNDERTPhi21,svm,UNDERTPhi,21.0,300.0,0.01,0.6,,0.436202895465755,0.519428355095498,0.472341096706623
mc.svm_UNDERTPhi22,svm,UNDERTPhi,22.0,10.0,0.001,0.6,,1e-05,0.43754587771802,1.99995302941282e-05
mc.svm_UNDERTPhi23,svm,UNDERTPhi,23.0,150.0,0.001,0.6,,0.508365955807414,0.466768266484775,0.523287396871327
mc.svm_UNDERTPhi24,svm,UNDERTPhi,24.0,300.0,0.001,0.6,,0.573524723417306,0.470874073620003,0.542320663053129
mc.svm_UNDERTPhi25,svm,UNDERTPhi,25.0,10.0,0.01,0.8,,0.197146073201948,0.462991445342796,1.99995739081915e-05
mc.svm_UNDERTPhi26,svm,UNDERTPhi,26.0,150.0,0.01,0.8,,0.298440922733944,0.494543351677491,0.451290911199307
mc.svm_UNDERTPhi27,svm,UNDERTPhi,27.0,300.0,0.01,0.8,,0.433782516828533,0.502379649418648,0.452888490161393
mc.svm_UNDERTPhi28,svm,UNDERTPhi,28.0,10.0,0.001,0.8,,1e-05,0.42969805651243,1.99995310917934e-05
mc.svm_UNDERTPhi29,svm,UNDERTPhi,29.0,150.0,0.001,0.8,,0.0932977703241514,0.450208539835116,1.99995537334495e-05
mc.svm_UNDERTPhi30,svm,UNDERTPhi,30.0,300.0,0.001,0.8,,0.18264911043388,0.45339176904159,1.99995599041345e-05
mc.svm_OVERB1,svm,OVERB,1.0,10.0,0.01,,2.0,0.208906517282722,0.482041674914821,1.99995840346787e-05
mc.svm_OVERB2,svm,OVERB,2.0,150.0,0.01,,2.0,0.439896461163919,0.497082091524721,0.458391134425988
mc.svm_OVERB3,svm,OVERB,3.0,300.0,0.01,,2.0,0.39320056233768,0.500739674400957,0.423461787278484
mc.svm_OVERB4,svm,OVERB,4.0,10.0,0.001,,2.0,0.210081268071778,0.44900381906806,1.99995455028221e-05
mc.svm_OVERB5,svm,OVERB,5.0,150.0,0.001,,2.0,0.23817961522706,0.469344392761669,1.99995742929552e-05
mc.svm_OVERB6,svm,OVERB,6.0,300.0,0.001,,2.0,0.289061130769546,0.471066453290051,0.245353176101794
mc.svm_OVERB7,svm,OVERB,7.0,10.0,0.01,,3.0,0.512503609608631,0.488294314330312,0.518904864431061
mc.svm_OVERB8,svm,OVERB,8.0,150.0,0.01,,3.0,0.440893267457956,0.498045412527743,0.468480279052816
mc.svm_OVERB9,svm,OVERB,9.0,300.0,0.01,,3.0,0.429150669263875,0.499599970210871,0.460126782257277
mc.svm_OVERB10,svm,OVERB,10.0,10.0,0.001,,3.0,0.589530429451456,0.456809632093181,0.529078685326549
mc.svm_OVERB11,svm,OVERB,11.0,150.0,0.001,,3.0,0.555983165952043,0.479192019358506,0.53247705905997
mc.svm_OVERB12,svm,OVERB,12.0,300.0,0.001,,3.0,0.546629337552377,0.482190597869953,0.539159961861183
mc.svm_OVERB13,svm,OVERB,13.0,10.0,0.01,,5.0,0.507119774870377,0.501480427116964,0.493477340683588
mc.svm_OVERB14,svm,OVERB,14.0,150.0,0.01,,5.0,0.423000845844698,0.502162206208031,0.463622218196014
mc.svm_OVERB15,svm,OVERB,15.0,300.0,0.01,,5.0,0.420137979874682,0.501163530470732,0.455715030906175
mc.svm_OVERB16,svm,OVERB,16.0,10.0,0.001,,5.0,0.580036192511017,0.472270102388501,0.501553340802216
mc.svm_OVERB17,svm,OVERB,17.0,150.0,0.001,,5.0,0.565422462613728,0.496813294472772,0.522004281666468
mc.svm_OVERB18,svm,OVERB,18.0,300.0,0.001,,5.0,0.563280402979713,0.501743081509661,0.528565453603333
mc.svm_OVERB19,svm,OVERB,19.0,10.0,0.01,,10.0,0.443013298738569,0.513297362821197,0.480678957660077
mc.svm_OVERB20,svm,OVERB,20.0,150.0,0.01,,10.0,0.399949940736992,0.504637863433731,0.432687959835414
mc.svm_OVERB21,svm,OVERB,21.0,300.0,0.01,,10.0,0.394805339255915,0.501989069166679,0.437667013215307
mc.svm_OVERB22,svm,OVERB,22.0,10.0,0.001,,10.0,0.516579356645123,0.486728894075104,0.493907407243105
mc.svm_OVERB23,svm,OVERB,23.0,150.0,0.001,,10.0,0.526503660828966,0.510405390956933,0.511461404074639
mc.svm_OVERB24,svm,OVERB,24.0,300.0,0.001,,10.0,0.50462223665294,0.513163106767712,0.512147185889323
mc.svm_OVERT1,svm,OVERT,1.0,10.0,0.01,,2.0,0.205403090736593,0.47675251503767,1.99995885767105e-05
mc.svm_OVERT2,svm,OVERT,2.0,150.0,0.01,,2.0,0.416201066146003,0.498135605028328,0.443512274889952
mc.svm_OVERT3,svm,OVERT,3.0,300.0,0.01,,2.0,0.375868267838009,0.499099118100356,0.420794888080918
mc.svm_OVERT4,svm,OVERT,4.0,10.0,0.001,,2.0,0.361510703450105,0.448647976418339,0.2108020245125
mc.svm_OVERT5,svm,OVERT,5.0,150.0,0.001,,2.0,0.33332896311506,0.464744202920541,0.204688445565768
mc.svm_OVERT6,svm,OVERT,6.0,300.0,0.001,,2.0,0.223883888720275,0.468318054687497,1.99995748590753e-05
mc.svm_OVERT7,svm,OVERT,7.0,10.0,0.01,,3.0,0.243635113096325,0.487397073996215,0.213941588900165
mc.svm_OVERT8,svm,OVERT,8.0,150.0,0.01,,3.0,0.356071533525694,0.494785412317339,0.418233083969574
mc.svm_OVERT9,svm,OVERT,9.0,300.0,0.01,,3.0,0.366207398661437,0.498751129133313,0.421232843608819
mc.svm_OVERT10,svm,OVERT,10.0,10.0,0.001,,3.0,0.552389882977574,0.464886543711752,0.526687063826875
mc.svm_OVERT11,svm,OVERT,11.0,150.0,0.001,,3.0,0.414085217007628,0.477973975822731,0.518891595667572
mc.svm_OVERT12,svm,OVERT,12.0,300.0,0.001,,3.0,0.340862099834789,0.479740337973621,0.500963346394346
mc.svm_OVERT13,svm,OVERT,13.0,10.0,0.01,,5.0,0.365068768404846,0.498992223596054,0.506830786235183
mc.svm_OVERT14,svm,OVERT,14.0,150.0,0.01,,5.0,0.418583220819774,0.505073731078859,0.44259716810336
mc.svm_OVERT15,svm,OVERT,15.0,300.0,0.01,,5.0,0.407829510726477,0.502668463012861,0.455859389671572
mc.svm_OVERT16,svm,OVERT,16.0,10.0,0.001,,5.0,0.574232944400524,0.478043801907501,0.515694954256774
mc.svm_OVERT17,svm,OVERT,17.0,150.0,0.001,,5.0,0.557071722751389,0.493643922673836,0.513260426124303
mc.svm_OVERT18,svm,OVERT,18.0,300.0,0.001,,5.0,0.564478974635808,0.496537090809036,0.526076336605143
mc.svm_OVERT19,svm,OVERT,19.0,10.0,0.01,,10.0,0.517527227673062,0.508131626953854,0.506720019082088
mc.svm_OVERT20,svm,OVERT,20.0,150.0,0.01,,10.0,0.406449270838877,0.511326960293038,0.449313865392487
mc.svm_OVERT21,svm,OVERT,21.0,300.0,0.01,,10.0,0.384055133368642,0.501126358715884,0.424873403140479
mc.svm_OVERT22,svm,OVERT,22.0,10.0,0.001,,10.0,0.536482693878032,0.47877260527392,0.500098697600597
mc.svm_OVERT23,svm,OVERT,23.0,150.0,0.001,,10.0,0.534072082573506,0.502294649105798,0.519634678853826
mc.svm_OVERT24,svm,OVERT,24.0,300.0,0.001,,10.0,0.521677120906564,0.509466995670569,0.5193412828621
mc.svm_OVERTPhi1,svm,OVERTPhi,1.0,10.0,0.01,,2.0,0.201681424947009,0.47769967630013,1.999958822632e-05
mc.svm_OVERTPhi2,svm,OVERTPhi,2.0,150.0,0.01,,2.0,0.409946361230089,0.499156006926131,0.440781281201877
mc.svm_OVERTPhi3,svm,OVERTPhi,3.0,300.0,0.01,,2.0,0.372165889081436,0.499828929300128,0.407364751546454
mc.svm_OVERTPhi4,svm,OVERTPhi,4.0,10.0,0.001,,2.0,0.255956337806068,0.449269218318051,1.99995522262184e-05
mc.svm_OVERTPhi5,svm,OVERTPhi,5.0,150.0,0.001,,2.0,0.322270457304442,0.465732912604876,0.209190858999699
mc.svm_OVERTPhi6,svm,OVERTPhi,6.0,300.0,0.001,,2.0,0.231935638345453,0.470466209351165,1.99995761767929e-05
mc.svm_OVERTPhi7,svm,OVERTPhi,7.0,10.0,0.01,,3.0,0.186469037260928,0.488775037735724,1.99995951004768e-05
mc.svm_OVERTPhi8,svm,OVERTPhi,8.0,150.0,0.01,,3.0,0.355930847938073,0.496312939861854,0.431130525895822
mc.svm_OVERTPhi9,svm,OVERTPhi,9.0,300.0,0.01,,3.0,0.362796134593876,0.499188215979354,0.417362993249669
mc.svm_OVERTPhi10,svm,OVERTPhi,10.0,10.0,0.001,,3.0,0.609078962220646,0.464955265575231,0.538293335914199
mc.svm_OVERTPhi11,svm,OVERTPhi,11.0,150.0,0.001,,3.0,0.363424526585605,0.476605469159112,0.507892940268346
mc.svm_OVERTPhi12,svm,OVERTPhi,12.0,300.0,0.001,,3.0,0.275659388231631,0.479897451832871,0.210746444424465
mc.svm_OVERTPhi13,svm,OVERTPhi,13.0,10.0,0.01,,5.0,0.369395663589807,0.498736250515593,0.509207596942676
mc.svm_OVERTPhi14,svm,OVERTPhi,14.0,150.0,0.01,,5.0,0.42061717506233,0.505460063427866,0.443429607074535
mc.svm_OVERTPhi15,svm,OVERTPhi,15.0,300.0,0.01,,5.0,0.41053317724621,0.503020395037366,0.449925553885708
mc.svm_OVERTPhi16,svm,OVERTPhi,16.0,10.0,0.001,,5.0,0.570748817927141,0.478501341233853,0.506442761689316
mc.svm_OVERTPhi17,svm,OVERTPhi,17.0,150.0,0.001,,5.0,0.55796592204233,0.49471402241556,0.51685320059146
mc.svm_OVERTPhi18,svm,OVERTPhi,18.0,300.0,0.001,,5.0,0.571238295663704,0.496359607812483,0.531819670741666
mc.svm_OVERTPhi19,svm,OVERTPhi,19.0,10.0,0.01,,10.0,0.45396495295085,0.506233649440565,0.502893608194402
mc.svm_OVERTPhi20,svm,OVERTPhi,20.0,150.0,0.01,,10.0,0.40108879416007,0.510193155105673,0.448568824738882
mc.svm_OVERTPhi21,svm,OVERTPhi,21.0,300.0,0.01,,10.0,0.386190843052678,0.500439664388223,0.43431651150214
mc.svm_OVERTPhi22,svm,OVERTPhi,22.0,10.0,0.001,,10.0,0.533842650184663,0.478298555214363,0.497406968696888
mc.svm_OVERTPhi23,svm,OVERTPhi,23.0,150.0,0.001,,10.0,0.541975205104903,0.50267543157374,0.520138432700494
mc.svm_OVERTPhi24,svm,OVERTPhi,24.0,300.0,0.001,,10.0,0.525295956930844,0.508526489331261,0.520826129363974
mc.svm_SMOTEB1,svm,SMOTEB,1.0,10.0,0.01,0.05,2.0,0.465406060605764,0.528430351632068,0.49185616509909
mc.svm_SMOTEB2,svm,SMOTEB,2.0,150.0,0.01,0.05,2.0,0.402751494912729,0.534667179256549,0.460452531562791
mc.svm_SMOTEB3,svm,SMOTEB,3.0,300.0,0.01,0.05,2.0,0.369334012709021,0.520199909464453,0.431916309968127
mc.svm_SMOTEB4,svm,SMOTEB,4.0,10.0,0.001,0.05,2.0,0.468124436764192,0.47123591604676,0.466000564410842
mc.svm_SMOTEB5,svm,SMOTEB,5.0,150.0,0.001,0.05,2.0,0.459296718926884,0.51283237972409,0.481829099708337
mc.svm_SMOTEB6,svm,SMOTEB,6.0,300.0,0.001,0.05,2.0,0.462218127990903,0.523878678751298,0.490042464121621
mc.svm_SMOTEB7,svm,SMOTEB,7.0,10.0,0.01,0.1,2.0,0.45414136300076,0.518533351936286,0.480057652450064
mc.svm_SMOTEB8,svm,SMOTEB,8.0,150.0,0.01,0.1,2.0,0.419226926641076,0.529708224035647,0.454601936399833
mc.svm_SMOTEB9,svm,SMOTEB,9.0,300.0,0.01,0.1,2.0,0.40072805749511,0.511565911080642,0.446028254650897
mc.svm_SMOTEB10,svm,SMOTEB,10.0,10.0,0.001,0.1,2.0,0.490254416510654,0.466441035072551,0.477614523663332
mc.svm_SMOTEB11,svm,SMOTEB,11.0,150.0,0.001,0.1,2.0,0.481538632383208,0.49936980297789,0.486798456162496
mc.svm_SMOTEB12,svm,SMOTEB,12.0,300.0,0.001,0.1,2.0,0.477086325263067,0.512359137841112,0.490078736089244
mc.svm_SMOTEB13,svm,SMOTEB,13.0,10.0,0.01,0.2,2.0,0.491883839188001,0.518496304932571,0.51007894589754
mc.svm_SMOTEB14,svm,SMOTEB,14.0,150.0,0.01,0.2,2.0,0.410910217326937,0.513148022501362,0.461115207771554
mc.svm_SMOTEB15,svm,SMOTEB,15.0,300.0,0.01,0.2,2.0,0.400826433962965,0.516034016283292,0.445219651359111
mc.svm_SMOTEB16,svm,SMOTEB,16.0,10.0,0.001,0.2,2.0,0.535972583898177,0.471364982377181,0.497317971464331
mc.svm_SMOTEB17,svm,SMOTEB,17.0,150.0,0.001,0.2,2.0,0.497496609377794,0.503425725731023,0.495249106008113
mc.svm_SMOTEB18,svm,SMOTEB,18.0,300.0,0.001,0.2,2.0,0.494425770397807,0.512275283083699,0.508104843291532
mc.svm_SMOTEB19,svm,SMOTEB,19.0,10.0,0.01,0.4,2.0,0.477850437398192,0.495396947621731,0.512417764935365
mc.svm_SMOTEB20,svm,SMOTEB,20.0,150.0,0.01,0.4,2.0,0.444184538801488,0.495685915142858,0.456631615765011
mc.svm_SMOTEB21,svm,SMOTEB,21.0,300.0,0.01,0.4,2.0,0.418428887002704,0.49613909457056,0.458325262177242
mc.svm_SMOTEB22,svm,SMOTEB,22.0,10.0,0.001,0.4,2.0,0.540051818232455,0.451302286975765,0.506986614048899
mc.svm_SMOTEB23,svm,SMOTEB,23.0,150.0,0.001,0.4,2.0,0.551290447186086,0.485507098086596,0.51369248919531
mc.svm_SMOTEB24,svm,SMOTEB,24.0,300.0,0.001,0.4,2.0,0.53489848689955,0.488368813859392,0.51182673998273
mc.svm_SMOTEB25,svm,SMOTEB,25.0,10.0,0.01,0.6,2.0,0.456244146662973,0.491821858630175,0.485598150862918
mc.svm_SMOTEB26,svm,SMOTEB,26.0,150.0,0.01,0.6,2.0,0.430386070501589,0.510562904240445,0.451448538435028
mc.svm_SMOTEB27,svm,SMOTEB,27.0,300.0,0.01,0.6,2.0,0.410449358513832,0.515029756261269,0.439693463232148
mc.svm_SMOTEB28,svm,SMOTEB,28.0,10.0,0.001,0.6,2.0,0.354177459654629,0.452973149124076,0.466043842673112
mc.svm_SMOTEB29,svm,SMOTEB,29.0,150.0,0.001,0.6,2.0,0.556950611541385,0.482151707103074,0.535916172025718
mc.svm_SMOTEB30,svm,SMOTEB,30.0,300.0,0.001,0.6,2.0,0.600029448661731,0.486268127525491,0.540504483771612
mc.svm_SMOTEB31,svm,SMOTEB,31.0,10.0,0.01,0.8,2.0,0.273405897537346,0.466213798683155,0.366449588580145
mc.svm_SMOTEB32,svm,SMOTEB,32.0,150.0,0.01,0.8,2.0,0.404947339715943,0.489883150961954,0.441271658672479
mc.svm_SMOTEB33,svm,SMOTEB,33.0,300.0,0.01,0.8,2.0,0.407108085193743,0.494387100296239,0.44549030793199
mc.svm_SMOTEB34,svm,SMOTEB,34.0,10.0,0.001,0.8,2.0,0.243641824475901,0.439581211693054,1.99995383247131e-05
mc.svm_SMOTEB35,svm,SMOTEB,35.0,150.0,0.001,0.8,2.0,0.361094695753438,0.460394647745059,0.475350969387193
mc.svm_SMOTEB36,svm,SMOTEB,36.0,300.0,0.001,0.8,2.0,0.408002448257452,0.463334477272766,0.490907709521763
mc.svm_SMOTEB37,svm,SMOTEB,37.0,10.0,0.01,0.05,3.0,0.452482415992373,0.534674087757229,0.486758552829029
mc.svm_SMOTEB38,svm,SMOTEB,38.0,150.0,0.01,0.05,3.0,0.39737600468611,0.543991082935638,0.471449830417136
mc.svm_SMOTEB39,svm,SMOTEB,39.0,300.0,0.01,0.05,3.0,0.379200193418067,0.534253288173981,0.451777471089529
mc.svm_SMOTEB40,svm,SMOTEB,40.0,10.0,0.001,0.05,3.0,0.458375936468411,0.470614268135582,0.468691993710256
mc.svm_SMOTEB41,svm,SMOTEB,41.0,150.0,0.001,0.05,3.0,0.453259661397792,0.507106759958237,0.472661198231397
mc.svm_SMOTEB42,svm,SMOTEB,42.0,300.0,0.001,0.05,3.0,0.455828096187091,0.521188727184495,0.48407339825192
mc.svm_SMOTEB43,svm,SMOTEB,43.0,10.0,0.01,0.1,3.0,0.466549273342586,0.527929686579502,0.495729889000529
mc.svm_SMOTEB44,svm,SMOTEB,44.0,150.0,0.01,0.1,3.0,0.399847060860318,0.526506891046597,0.456093155843478
mc.svm_SMOTEB45,svm,SMOTEB,45.0,300.0,0.01,0.1,3.0,0.377290568060545,0.516689234548991,0.429262283739795
mc.svm_SMOTEB46,svm,SMOTEB,46.0,10.0,0.001,0.1,3.0,0.456168839793453,0.47403311661718,0.466519438829819
mc.svm_SMOTEB47,svm,SMOTEB,47.0,150.0,0.001,0.1,3.0,0.465962961493787,0.504994098298108,0.488354962250276
mc.svm_SMOTEB48,svm,SMOTEB,48.0,300.0,0.001,0.1,3.0,0.469430321484178,0.517156377024731,0.491999114674926
mc.svm_SMOTEB49,svm,SMOTEB,49.0,10.0,0.01,0.2,3.0,0.467789719703537,0.523199018181763,0.492695384586632
mc.svm_SMOTEB50,svm,SMOTEB,50.0,150.0,0.01,0.2,3.0,0.424178671173364,0.532489359618804,0.468621622658657
mc.svm_SMOTEB51,svm,SMOTEB,51.0,300.0,0.01,0.2,3.0,0.3959243149076,0.52696303441599,0.440186525027094
mc.svm_SMOTEB52,svm,SMOTEB,52.0,10.0,0.001,0.2,3.0,0.504625345105511,0.471507782757914,0.484682806109076
mc.svm_SMOTEB53,svm,SMOTEB,53.0,150.0,0.001,0.2,3.0,0.462196788661351,0.506455641176161,0.486010434770222
mc.svm_SMOTEB54,svm,SMOTEB,54.0,300.0,0.001,0.2,3.0,0.473479695256581,0.516669334004284,0.497975756913819
mc.svm_SMOTEB55,svm,SMOTEB,55.0,10.0,0.01,0.4,3.0,0.482808785777615,0.5104787576586,0.485553889330283
mc.svm_SMOTEB56,svm,SMOTEB,56.0,150.0,0.01,0.4,3.0,0.426804205178323,0.520074503655504,0.463028086011438
mc.svm_SMOTEB57,svm,SMOTEB,57.0,300.0,0.01,0.4,3.0,0.414142151096666,0.521096820205426,0.451304798229951
mc.svm_SMOTEB58,svm,SMOTEB,58.0,10.0,0.001,0.4,3.0,0.528916263471894,0.474341667730591,0.496894357974005
mc.svm_SMOTEB59,svm,SMOTEB,59.0,150.0,0.001,0.4,3.0,0.497152445092009,0.50298270596114,0.502134215756206
mc.svm_SMOTEB60,svm,SMOTEB,60.0,300.0,0.001,0.4,3.0,0.498560492524276,0.508780908867507,0.504946261428981
mc.svm_SMOTEB61,svm,SMOTEB,61.0,10.0,0.01,0.6,3.0,0.4926561193469,0.49735557540158,0.490153736676062
mc.svm_SMOTEB62,svm,SMOTEB,62.0,150.0,0.01,0.6,3.0,0.42132393827622,0.497921285593616,0.44968697444564
mc.svm_SMOTEB63,svm,SMOTEB,63.0,300.0,0.01,0.6,3.0,0.413396770477826,0.501123973342761,0.457877490720703
mc.svm_SMOTEB64,svm,SMOTEB,64.0,10.0,0.001,0.6,3.0,0.602376016893914,0.465037811581028,0.517575193340294
mc.svm_SMOTEB65,svm,SMOTEB,65.0,150.0,0.001,0.6,3.0,0.532152287069884,0.494120143023756,0.508652802148808
mc.svm_SMOTEB66,svm,SMOTEB,66.0,300.0,0.001,0.6,3.0,0.53230326449673,0.497967507432145,0.505122849644888
mc.svm_SMOTEB67,svm,SMOTEB,67.0,10.0,0.01,0.8,3.0,0.485779545861459,0.486691139820071,0.495099612029592
mc.svm_SMOTEB68,svm,SMOTEB,68.0,150.0,0.01,0.8,3.0,0.450200350249323,0.496500151907028,0.469226268358324
mc.svm_SMOTEB69,svm,SMOTEB,69.0,300.0,0.01,0.8,3.0,0.441367080595347,0.498252761914987,0.467129971466191
mc.svm_SMOTEB70,svm,SMOTEB,70.0,10.0,0.001,0.8,3.0,0.479288390788243,0.450779989466767,0.508165363891161
mc.svm_SMOTEB71,svm,SMOTEB,71.0,150.0,0.001,0.8,3.0,0.556864741998332,0.473790705462431,0.510767735807064
mc.svm_SMOTEB72,svm,SMOTEB,72.0,300.0,0.001,0.8,3.0,0.554372448851023,0.479112948374244,0.513813545315179
mc.svm_SMOTEB73,svm,SMOTEB,73.0,10.0,0.01,0.05,5.0,0.44011482014077,0.552377787526504,0.480015548529437
mc.svm_SMOTEB74,svm,SMOTEB,74.0,150.0,0.01,0.05,5.0,0.374061397897613,0.502802374124959,0.43687517642374
mc.svm_SMOTEB75,svm,SMOTEB,75.0,300.0,0.01,0.05,5.0,0.359782276440721,0.500676620460472,0.432685027579256
mc.svm_SMOTEB76,svm,SMOTEB,76.0,10.0,0.001,0.05,5.0,0.460383748202961,0.474639312044552,0.463896849249804
mc.svm_SMOTEB77,svm,SMOTEB,77.0,150.0,0.001,0.05,5.0,0.443031717881217,0.528865816974698,0.485046654696589
mc.svm_SMOTEB78,svm,SMOTEB,78.0,300.0,0.001,0.05,5.0,0.437685423927197,0.541711497136926,0.492068476112571
mc.svm_SMOTEB79,svm,SMOTEB,79.0,10.0,0.01,0.1,5.0,0.451822323252685,0.544469669346844,0.494248715396861
mc.svm_SMOTEB80,svm,SMOTEB,80.0,150.0,0.01,0.1,5.0,0.386325562374448,0.511096277018064,0.442219470827499
mc.svm_SMOTEB81,svm,SMOTEB,81.0,300.0,0.01,0.1,5.0,0.374192595125735,0.508372583693572,0.434722814761061
mc.svm_SMOTEB82,svm,SMOTEB,82.0,10.0,0.001,0.1,5.0,0.452303651564397,0.475361118556171,0.459387209949949
mc.svm_SMOTEB83,svm,SMOTEB,83.0,150.0,0.001,0.1,5.0,0.462298940124625,0.516387586654767,0.483156883940433
mc.svm_SMOTEB84,svm,SMOTEB,84.0,300.0,0.001,0.1,5.0,0.464049696219304,0.530686587259183,0.489847307426315
mc.svm_SMOTEB85,svm,SMOTEB,85.0,10.0,0.01,0.2,5.0,0.454691732385128,0.544458025004439,0.494446124245505
mc.svm_SMOTEB86,svm,SMOTEB,86.0,150.0,0.01,0.2,5.0,0.400558761477078,0.521327347383451,0.452733116526132
mc.svm_SMOTEB87,svm,SMOTEB,87.0,300.0,0.01,0.2,5.0,0.387901876831381,0.512669717690285,0.441126142032856
mc.svm_SMOTEB88,svm,SMOTEB,88.0,10.0,0.001,0.2,5.0,0.465771504302884,0.47681259935939,0.472861548194931
mc.svm_SMOTEB89,svm,SMOTEB,89.0,150.0,0.001,0.2,5.0,0.467291794348269,0.518400146907819,0.496325865594424
mc.svm_SMOTEB90,svm,SMOTEB,90.0,300.0,0.001,0.2,5.0,0.465763589437086,0.530253366535966,0.498958597150756
mc.svm_SMOTEB91,svm,SMOTEB,91.0,10.0,0.01,0.4,5.0,0.466969161759169,0.522263328461178,0.495063685436361
mc.svm_SMOTEB92,svm,SMOTEB,92.0,150.0,0.01,0.4,5.0,0.427882011041867,0.509872324644718,0.476426261711587
mc.svm_SMOTEB93,svm,SMOTEB,93.0,300.0,0.01,0.4,5.0,0.396613405018078,0.511987931220418,0.462258463690802
mc.svm_SMOTEB94,svm,SMOTEB,94.0,10.0,0.001,0.4,5.0,0.49226958452449,0.474304435421426,0.471415810563337
mc.svm_SMOTEB95,svm,SMOTEB,95.0,150.0,0.001,0.4,5.0,0.474456343734326,0.503864259482679,0.483060916768455
mc.svm_SMOTEB96,svm,SMOTEB,96.0,300.0,0.001,0.4,5.0,0.480365977166986,0.513458494203103,0.503168217309249
mc.svm_SMOTEB97,svm,SMOTEB,97.0,10.0,0.01,0.6,5.0,0.470883966475468,0.510356774435023,0.484235208501637
mc.svm_SMOTEB98,svm,SMOTEB,98.0,150.0,0.01,0.6,5.0,0.417793264287908,0.509364030863042,0.457780711198357
mc.svm_SMOTEB99,svm,SMOTEB,99.0,300.0,0.01,0.6,5.0,0.401352075107714,0.50842478005373,0.444055490064382
mc.svm_SMOTEB100,svm,SMOTEB,100.0,10.0,0.001,0.6,5.0,0.506055128532878,0.47163378784882,0.480543512256995
mc.svm_SMOTEB101,svm,SMOTEB,101.0,150.0,0.001,0.6,5.0,0.48821443845655,0.499757204009983,0.49312181288637
mc.svm_SMOTEB102,svm,SMOTEB,102.0,300.0,0.001,0.6,5.0,0.4827675701027,0.505706259847688,0.489561904285127
mc.svm_SMOTEB103,svm,SMOTEB,103.0,10.0,0.01,0.8,5.0,0.481320530352485,0.497906070929807,0.48336708145909
mc.svm_SMOTEB104,svm,SMOTEB,104.0,150.0,0.01,0.8,5.0,0.404735663777716,0.504457093292558,0.433638733384753
mc.svm_SMOTEB105,svm,SMOTEB,105.0,300.0,0.01,0.8,5.0,0.394188254471471,0.502413951876997,0.439647589101343
mc.svm_SMOTEB106,svm,SMOTEB,106.0,10.0,0.001,0.8,5.0,0.537331352714454,0.469163599150792,0.501790173040006
mc.svm_SMOTEB107,svm,SMOTEB,107.0,150.0,0.001,0.8,5.0,0.491459311299345,0.493943880202671,0.49964016170384
mc.svm_SMOTEB108,svm,SMOTEB,108.0,300.0,0.001,0.8,5.0,0.497690484257982,0.49790698875872,0.492034101404779
mc.svm_SMOTEB109,svm,SMOTEB,109.0,10.0,0.01,0.05,10.0,0.419461423681667,0.562388403367735,0.474458094793182
mc.svm_SMOTEB110,svm,SMOTEB,110.0,150.0,0.01,0.05,10.0,0.363936120535169,0.534709568772307,0.438282982265365
mc.svm_SMOTEB111,svm,SMOTEB,111.0,300.0,0.01,0.05,10.0,0.357300277663728,0.535307398733526,0.438947801256921
mc.svm_SMOTEB112,svm,SMOTEB,112.0,10.0,0.001,0.05,10.0,0.444815731804041,0.48888630925219,0.460952018589484
mc.svm_SMOTEB113,svm,SMOTEB,113.0,150.0,0.001,0.05,10.0,0.431348822314717,0.540237425505682,0.478775428411984
mc.svm_SMOTEB114,svm,SMOTEB,114.0,300.0,0.001,0.05,10.0,0.4233482869373,0.551731396153923,0.481478012756665
mc.svm_SMOTEB115,svm,SMOTEB,115.0,10.0,0.01,0.1,10.0,0.43053166260206,0.54134946169097,0.481334206214798
mc.svm_SMOTEB116,svm,SMOTEB,116.0,150.0,0.01,0.1,10.0,0.368613746146666,0.534349660032158,0.434213105501063
mc.svm_SMOTEB117,svm,SMOTEB,117.0,300.0,0.01,0.1,10.0,0.366225444576862,0.531961619767174,0.43156831532927
mc.svm_SMOTEB118,svm,SMOTEB,118.0,10.0,0.001,0.1,10.0,0.446102191075288,0.480455990791712,0.464926670135272
mc.svm_SMOTEB119,svm,SMOTEB,119.0,150.0,0.001,0.1,10.0,0.435125906411936,0.531233732095382,0.479401087886315
mc.svm_SMOTEB120,svm,SMOTEB,120.0,300.0,0.001,0.1,10.0,0.427857686526723,0.545440707909645,0.482698171459556
mc.svm_SMOTEB121,svm,SMOTEB,121.0,10.0,0.01,0.2,10.0,0.44888551930601,0.561960245567112,0.497561487776556
mc.svm_SMOTEB122,svm,SMOTEB,122.0,150.0,0.01,0.2,10.0,0.385475814032147,0.512505572882522,0.436071846803639
mc.svm_SMOTEB123,svm,SMOTEB,123.0,300.0,0.01,0.2,10.0,0.375176278948841,0.509498609309071,0.424633892973527
mc.svm_SMOTEB124,svm,SMOTEB,124.0,10.0,0.001,0.2,10.0,0.455372610976112,0.484166114857702,0.467178798802249
mc.svm_SMOTEB125,svm,SMOTEB,125.0,150.0,0.001,0.2,10.0,0.462629750555628,0.532912266710555,0.494008375896674
mc.svm_SMOTEB126,svm,SMOTEB,126.0,300.0,0.001,0.2,10.0,0.455956612421032,0.54661328366655,0.503988697199371
mc.svm_SMOTEB127,svm,SMOTEB,127.0,10.0,0.01,0.4,10.0,0.454992387222493,0.53304925692033,0.49017765330624
mc.svm_SMOTEB128,svm,SMOTEB,128.0,150.0,0.01,0.4,10.0,0.401044745607956,0.515386356028882,0.450365295421812
mc.svm_SMOTEB129,svm,SMOTEB,129.0,300.0,0.01,0.4,10.0,0.398591565357459,0.519453478109628,0.44385164128851
mc.svm_SMOTEB130,svm,SMOTEB,130.0,10.0,0.001,0.4,10.0,0.474025642992998,0.477695391287336,0.47783501029915
mc.svm_SMOTEB131,svm,SMOTEB,131.0,150.0,0.001,0.4,10.0,0.46399190034153,0.514306062054366,0.492498897272055
mc.svm_SMOTEB132,svm,SMOTEB,132.0,300.0,0.001,0.4,10.0,0.46274943861946,0.524582690692581,0.492073325974263
mc.svm_SMOTEB133,svm,SMOTEB,133.0,10.0,0.01,0.6,10.0,0.454076683666981,0.533087785963104,0.487470646710554
mc.svm_SMOTEB134,svm,SMOTEB,134.0,150.0,0.01,0.6,10.0,0.404571732072616,0.499967964661082,0.443044192774769
mc.svm_SMOTEB135,svm,SMOTEB,135.0,300.0,0.01,0.6,10.0,0.39666793999524,0.496444026889036,0.442858742092678
mc.svm_SMOTEB136,svm,SMOTEB,136.0,10.0,0.001,0.6,10.0,0.477218964091833,0.484309084782238,0.478300555746525
mc.svm_SMOTEB137,svm,SMOTEB,137.0,150.0,0.001,0.6,10.0,0.471329642237197,0.518534373346543,0.4994725434086
mc.svm_SMOTEB138,svm,SMOTEB,138.0,300.0,0.001,0.6,10.0,0.473277677176843,0.524423205611762,0.494907681922792
mc.svm_SMOTEB139,svm,SMOTEB,139.0,10.0,0.01,0.8,10.0,0.463635837638468,0.525440958959226,0.489787419810602
mc.svm_SMOTEB140,svm,SMOTEB,140.0,150.0,0.01,0.8,10.0,0.425601666628126,0.52588596599407,0.482748088171966
mc.svm_SMOTEB141,svm,SMOTEB,141.0,300.0,0.01,0.8,10.0,0.411837228262997,0.523851190041918,0.466479758285169
mc.svm_SMOTEB142,svm,SMOTEB,142.0,10.0,0.001,0.8,10.0,0.491044884657704,0.484482192866671,0.48009914092533
mc.svm_SMOTEB143,svm,SMOTEB,143.0,150.0,0.001,0.8,10.0,0.477598138245753,0.517124478494578,0.497535802787055
mc.svm_SMOTEB144,svm,SMOTEB,144.0,300.0,0.001,0.8,10.0,0.466235456944907,0.522086879335264,0.494906585325787
mc.svm_SMOTET1,svm,SMOTET,1.0,10.0,0.01,0.05,2.0,0.467780083354675,0.54023757026346,0.502636636975209
mc.svm_SMOTET2,svm,SMOTET,2.0,150.0,0.01,0.05,2.0,0.414527944954433,0.552356688056046,0.466615077084334
mc.svm_SMOTET3,svm,SMOTET,3.0,300.0,0.01,0.05,2.0,0.392622616940376,0.532534380271633,0.454503606235964
mc.svm_SMOTET4,svm,SMOTET,4.0,10.0,0.001,0.05,2.0,0.481046732560556,0.478632735501887,0.475301307183773
mc.svm_SMOTET5,svm,SMOTET,5.0,150.0,0.001,0.05,2.0,0.460466223777693,0.525786201819511,0.488737210411118
mc.svm_SMOTET6,svm,SMOTET,6.0,300.0,0.001,0.05,2.0,0.460502233991431,0.539081685114215,0.497221111137183
mc.svm_SMOTET7,svm,SMOTET,7.0,10.0,0.01,0.1,2.0,0.460651734253548,0.533487035235012,0.492262953372555
mc.svm_SMOTET8,svm,SMOTET,8.0,150.0,0.01,0.1,2.0,0.422408540876624,0.540836375428386,0.464636139920967
mc.svm_SMOTET9,svm,SMOTET,9.0,300.0,0.01,0.1,2.0,0.39480065882662,0.524343592362651,0.441053447781704
mc.svm_SMOTET10,svm,SMOTET,10.0,10.0,0.001,0.1,2.0,0.487141946915854,0.476673137833379,0.47836445143119
mc.svm_SMOTET11,svm,SMOTET,11.0,150.0,0.001,0.1,2.0,0.468483717514211,0.524317188238579,0.48789584662576
mc.svm_SMOTET12,svm,SMOTET,12.0,300.0,0.001,0.1,2.0,0.460369646373227,0.534479767053445,0.491134926131399
mc.svm_SMOTET13,svm,SMOTET,13.0,10.0,0.01,0.2,2.0,0.484451951771862,0.520116922268164,0.503472955231677
mc.svm_SMOTET14,svm,SMOTET,14.0,150.0,0.01,0.2,2.0,0.449467339867682,0.550139709742616,0.501862040213568
mc.svm_SMOTET15,svm,SMOTET,15.0,300.0,0.01,0.2,2.0,0.433095543803805,0.539072015790663,0.481990505977606
mc.svm_SMOTET16,svm,SMOTET,16.0,10.0,0.001,0.2,2.0,0.437123747649563,0.470599980951596,0.482925370492965
mc.svm_SMOTET17,svm,SMOTET,17.0,150.0,0.001,0.2,2.0,0.486726791724405,0.503944157539011,0.491144238465245
mc.svm_SMOTET18,svm,SMOTET,18.0,300.0,0.001,0.2,2.0,0.487183111318454,0.51081608410448,0.500375723668638
mc.svm_SMOTET19,svm,SMOTET,19.0,10.0,0.01,0.4,2.0,0.50744208684241,0.508800837797448,0.509022736990883
mc.svm_SMOTET20,svm,SMOTET,20.0,150.0,0.01,0.4,2.0,0.494201820228565,0.518438294355667,0.502571776089937
mc.svm_SMOTET21,svm,SMOTET,21.0,300.0,0.01,0.4,2.0,0.489924050738258,0.518976626670161,0.50062420007145
mc.svm_SMOTET22,svm,SMOTET,22.0,10.0,0.001,0.4,2.0,0.575577914270992,0.468649778165726,0.517657248814902
mc.svm_SMOTET23,svm,SMOTET,23.0,150.0,0.001,0.4,2.0,0.516021023721062,0.503117003463436,0.498042491376255
mc.svm_SMOTET24,svm,SMOTET,24.0,300.0,0.001,0.4,2.0,0.517531830289422,0.507089899849419,0.507675355725998
mc.svm_SMOTET25,svm,SMOTET,25.0,10.0,0.01,0.6,2.0,0.538169904641011,0.494484968384385,0.517889980955391
mc.svm_SMOTET26,svm,SMOTET,26.0,150.0,0.01,0.6,2.0,0.486094476613123,0.517552828912134,0.500226431400367
mc.svm_SMOTET27,svm,SMOTET,27.0,300.0,0.01,0.6,2.0,0.465178405595256,0.523631815693967,0.496024887042396
mc.svm_SMOTET28,svm,SMOTET,28.0,10.0,0.001,0.6,2.0,0.210516272988241,0.456186834847109,1.99995487718698e-05
mc.svm_SMOTET29,svm,SMOTET,29.0,150.0,0.001,0.6,2.0,0.507374222897236,0.489046357733099,0.514502369582465
mc.svm_SMOTET30,svm,SMOTET,30.0,300.0,0.001,0.6,2.0,0.508891247584469,0.491199779682797,0.51643796541349
mc.svm_SMOTET31,svm,SMOTET,31.0,10.0,0.01,0.8,2.0,0.383747947941297,0.491236614666978,0.492991645256248
mc.svm_SMOTET32,svm,SMOTET,32.0,150.0,0.01,0.8,2.0,0.438453205382108,0.509796997071844,0.471891875674325
mc.svm_SMOTET33,svm,SMOTET,33.0,300.0,0.01,0.8,2.0,0.440564694820637,0.515568485002786,0.479029378090293
mc.svm_SMOTET34,svm,SMOTET,34.0,10.0,0.001,0.8,2.0,0.186129283667216,0.449740022506835,1.99995525649291e-05
mc.svm_SMOTET35,svm,SMOTET,35.0,150.0,0.001,0.8,2.0,0.420479480466414,0.481004059254367,0.528172938654757
mc.svm_SMOTET36,svm,SMOTET,36.0,300.0,0.001,0.8,2.0,0.557076136668452,0.484725756498933,0.549674787883479
mc.svm_SMOTET37,svm,SMOTET,37.0,10.0,0.01,0.05,3.0,0.448452473216755,0.547804354137114,0.4937676860622
mc.svm_SMOTET38,svm,SMOTET,38.0,150.0,0.01,0.05,3.0,0.40667343055664,0.533318023894953,0.465916876366577
mc.svm_SMOTET39,svm,SMOTET,39.0,300.0,0.01,0.05,3.0,0.381272585090666,0.512263524251738,0.440799534853891
mc.svm_SMOTET40,svm,SMOTET,40.0,10.0,0.001,0.05,3.0,0.484435225354525,0.487332684689049,0.475074410941922
mc.svm_SMOTET41,svm,SMOTET,41.0,150.0,0.001,0.05,3.0,0.456895206819322,0.540190648694915,0.492243707145611
mc.svm_SMOTET42,svm,SMOTET,42.0,300.0,0.001,0.05,3.0,0.452034810603765,0.551052003582869,0.500140058935598
mc.svm_SMOTET43,svm,SMOTET,43.0,10.0,0.01,0.1,3.0,0.463495846712432,0.550192020695011,0.508171430070971
mc.svm_SMOTET44,svm,SMOTET,44.0,150.0,0.01,0.1,3.0,0.43622073582644,0.553539141057964,0.484665562184172
mc.svm_SMOTET45,svm,SMOTET,45.0,300.0,0.01,0.1,3.0,0.404055340720702,0.533018060856786,0.452353509612195
mc.svm_SMOTET46,svm,SMOTET,46.0,10.0,0.001,0.1,3.0,0.477147655813708,0.486205802074684,0.474764973956601
mc.svm_SMOTET47,svm,SMOTET,47.0,150.0,0.001,0.1,3.0,0.454997300143742,0.536606166692393,0.490993792872734
mc.svm_SMOTET48,svm,SMOTET,48.0,300.0,0.001,0.1,3.0,0.457758372225342,0.549156558993309,0.498457073988185
mc.svm_SMOTET49,svm,SMOTET,49.0,10.0,0.01,0.2,3.0,0.477924422792984,0.531714330907486,0.499484499096301
mc.svm_SMOTET50,svm,SMOTET,50.0,150.0,0.01,0.2,3.0,0.436995721114815,0.540385811096885,0.47731591102173
mc.svm_SMOTET51,svm,SMOTET,51.0,300.0,0.01,0.2,3.0,0.414186726260206,0.537448555109696,0.459546832139682
mc.svm_SMOTET52,svm,SMOTET,52.0,10.0,0.001,0.2,3.0,0.484861602774049,0.484150646384281,0.475896931251567
mc.svm_SMOTET53,svm,SMOTET,53.0,150.0,0.001,0.2,3.0,0.47160658768817,0.522385074169775,0.491477844430901
mc.svm_SMOTET54,svm,SMOTET,54.0,300.0,0.001,0.2,3.0,0.476595263940909,0.530515616509762,0.507475444433855
mc.svm_SMOTET55,svm,SMOTET,55.0,10.0,0.01,0.4,3.0,0.482955220323177,0.526965569246837,0.505405157547182
mc.svm_SMOTET56,svm,SMOTET,56.0,150.0,0.01,0.4,3.0,0.458755853377547,0.522563153046551,0.480958922298453
mc.svm_SMOTET57,svm,SMOTET,57.0,300.0,0.01,0.4,3.0,0.432686712009453,0.519482512739025,0.467153692934473
mc.svm_SMOTET58,svm,SMOTET,58.0,10.0,0.001,0.4,3.0,0.504089828985271,0.483070720761445,0.495280603321178
mc.svm_SMOTET59,svm,SMOTET,59.0,150.0,0.001,0.4,3.0,0.478483451143154,0.519900095824613,0.494546017715068
mc.svm_SMOTET60,svm,SMOTET,60.0,300.0,0.001,0.4,3.0,0.487573064242596,0.524371981356057,0.50132872838835
mc.svm_SMOTET61,svm,SMOTET,61.0,10.0,0.01,0.6,3.0,0.516963012482263,0.510885829572625,0.516395680542366
mc.svm_SMOTET62,svm,SMOTET,62.0,150.0,0.01,0.6,3.0,0.469150499724666,0.531226001418563,0.498231809331686
mc.svm_SMOTET63,svm,SMOTET,63.0,300.0,0.01,0.6,3.0,0.449369425995085,0.533014498773033,0.501153463743397
mc.svm_SMOTET64,svm,SMOTET,64.0,10.0,0.001,0.6,3.0,0.537547891323897,0.473296932788225,0.50011125294984
mc.svm_SMOTET65,svm,SMOTET,65.0,150.0,0.001,0.6,3.0,0.517433038419273,0.503377542156488,0.512138444629648
mc.svm_SMOTET66,svm,SMOTET,66.0,300.0,0.001,0.6,3.0,0.50693632843131,0.506028675300499,0.504953970060024
mc.svm_SMOTET67,svm,SMOTET,67.0,10.0,0.01,0.8,3.0,0.520532898795393,0.510718488064782,0.511056140597806
mc.svm_SMOTET68,svm,SMOTET,68.0,150.0,0.01,0.8,3.0,0.448190104076022,0.536779420526609,0.496333792380959
mc.svm_SMOTET69,svm,SMOTET,69.0,300.0,0.01,0.8,3.0,0.432676374074307,0.541815084710243,0.484651957133899
mc.svm_SMOTET70,svm,SMOTET,70.0,10.0,0.001,0.8,3.0,0.49979897405927,0.47266031154962,0.504856287815165
mc.svm_SMOTET71,svm,SMOTET,71.0,150.0,0.001,0.8,3.0,0.533786711475404,0.502841935259607,0.511156406364523
mc.svm_SMOTET72,svm,SMOTET,72.0,300.0,0.001,0.8,3.0,0.541603057082935,0.505587160001835,0.514909633643753
mc.svm_SMOTET73,svm,SMOTET,73.0,10.0,0.01,0.05,5.0,0.429433651887926,0.562699382052829,0.489160358092259
mc.svm_SMOTET74,svm,SMOTET,74.0,150.0,0.01,0.05,5.0,0.384743381979751,0.513042293921226,0.433278767919083
mc.svm_SMOTET75,svm,SMOTET,75.0,300.0,0.01,0.05,5.0,0.369868966573717,0.482285152655669,0.415255851422699
mc.svm_SMOTET76,svm,SMOTET,76.0,10.0,0.001,0.05,5.0,0.461398374603446,0.503492981194334,0.484058919798861
mc.svm_SMOTET77,svm,SMOTET,77.0,150.0,0.001,0.05,5.0,0.449926740502974,0.555827570912744,0.497912816737761
mc.svm_SMOTET78,svm,SMOTET,78.0,300.0,0.001,0.05,5.0,0.434822397201373,0.563533543960696,0.494221607490844
mc.svm_SMOTET79,svm,SMOTET,79.0,10.0,0.01,0.1,5.0,0.451684411360943,0.559890630409584,0.502810985875682
mc.svm_SMOTET80,svm,SMOTET,80.0,150.0,0.01,0.1,5.0,0.412941657054053,0.539625182002091,0.463648584443162
mc.svm_SMOTET81,svm,SMOTET,81.0,300.0,0.01,0.1,5.0,0.390115526446481,0.510943681496553,0.437768925546677
mc.svm_SMOTET82,svm,SMOTET,82.0,10.0,0.001,0.1,5.0,0.465013803075003,0.503476435265581,0.486824413350036
mc.svm_SMOTET83,svm,SMOTET,83.0,150.0,0.001,0.1,5.0,0.460036669104813,0.557822394980793,0.513213228215794
mc.svm_SMOTET84,svm,SMOTET,84.0,300.0,0.001,0.1,5.0,0.457527750642955,0.563941169912891,0.518925588304008
mc.svm_SMOTET85,svm,SMOTET,85.0,10.0,0.01,0.2,5.0,0.458029921265113,0.551556540296146,0.50444769749849
mc.svm_SMOTET86,svm,SMOTET,86.0,150.0,0.01,0.2,5.0,0.413540306514016,0.535996467603481,0.47261183213295
mc.svm_SMOTET87,svm,SMOTET,87.0,300.0,0.01,0.2,5.0,0.393075137191622,0.525580443083517,0.444478419673469
mc.svm_SMOTET88,svm,SMOTET,88.0,10.0,0.001,0.2,5.0,0.461985857444573,0.504389160519441,0.471942458296677
mc.svm_SMOTET89,svm,SMOTET,89.0,150.0,0.001,0.2,5.0,0.459612176126383,0.547547704884098,0.503430535866933
mc.svm_SMOTET90,svm,SMOTET,90.0,300.0,0.001,0.2,5.0,0.451488128566675,0.551262557299855,0.497267720198737
mc.svm_SMOTET91,svm,SMOTET,91.0,10.0,0.01,0.4,5.0,0.475602514443027,0.549830812857612,0.515084752697073
mc.svm_SMOTET92,svm,SMOTET,92.0,150.0,0.01,0.4,5.0,0.447335726857058,0.552689424354749,0.485290733405088
mc.svm_SMOTET93,svm,SMOTET,93.0,300.0,0.01,0.4,5.0,0.42196390478244,0.5499073817602,0.472202074284189
mc.svm_SMOTET94,svm,SMOTET,94.0,10.0,0.001,0.4,5.0,0.490182349709349,0.498395179443013,0.483087418471723
mc.svm_SMOTET95,svm,SMOTET,95.0,150.0,0.001,0.4,5.0,0.480285479342705,0.541636243655984,0.509127786375912
mc.svm_SMOTET96,svm,SMOTET,96.0,300.0,0.001,0.4,5.0,0.481515150286511,0.548752683770513,0.507137942064632
mc.svm_SMOTET97,svm,SMOTET,97.0,10.0,0.01,0.6,5.0,0.483149984177197,0.537083782455856,0.513728486404376
mc.svm_SMOTET98,svm,SMOTET,98.0,150.0,0.01,0.6,5.0,0.459031490759154,0.549376538970906,0.495106857306787
mc.svm_SMOTET99,svm,SMOTET,99.0,300.0,0.01,0.6,5.0,0.426189486884572,0.546041263764229,0.469721771990717
mc.svm_SMOTET100,svm,SMOTET,100.0,10.0,0.001,0.6,5.0,0.50715094878325,0.49860925238228,0.491542654277303
mc.svm_SMOTET101,svm,SMOTET,101.0,150.0,0.001,0.6,5.0,0.487861086716427,0.529804637216994,0.511148679326834
mc.svm_SMOTET102,svm,SMOTET,102.0,300.0,0.001,0.6,5.0,0.480591392740938,0.534828558118317,0.504677378142701
mc.svm_SMOTET103,svm,SMOTET,103.0,10.0,0.01,0.8,5.0,0.496107778492766,0.53231848085534,0.514816215175374
mc.svm_SMOTET104,svm,SMOTET,104.0,150.0,0.01,0.8,5.0,0.464947559941449,0.540332673242021,0.505590112716618
mc.svm_SMOTET105,svm,SMOTET,105.0,300.0,0.01,0.8,5.0,0.436084355167419,0.542401750083966,0.464413501058948
mc.svm_SMOTET106,svm,SMOTET,106.0,10.0,0.001,0.8,5.0,0.544796232591476,0.492633681288908,0.510794826433817
mc.svm_SMOTET107,svm,SMOTET,107.0,150.0,0.001,0.8,5.0,0.494548259789131,0.525464902767678,0.506822333765021
mc.svm_SMOTET108,svm,SMOTET,108.0,300.0,0.001,0.8,5.0,0.490843491255697,0.53022787025042,0.506386510389172
mc.svm_SMOTET109,svm,SMOTET,109.0,10.0,0.01,0.05,10.0,0.417476862105663,0.568053246745223,0.48564482216254
mc.svm_SMOTET110,svm,SMOTET,110.0,150.0,0.01,0.05,10.0,0.374843723399606,0.518567957951111,0.435592318534955
mc.svm_SMOTET111,svm,SMOTET,111.0,300.0,0.01,0.05,10.0,0.367586660720362,0.505728106074047,0.432430440544569
mc.svm_SMOTET112,svm,SMOTET,112.0,10.0,0.001,0.05,10.0,0.456782278713374,0.523023111316541,0.48288743451463
mc.svm_SMOTET113,svm,SMOTET,113.0,150.0,0.001,0.05,10.0,0.438217135703552,0.575704521825182,0.508597281432844
mc.svm_SMOTET114,svm,SMOTET,114.0,300.0,0.001,0.05,10.0,0.429051958152871,0.58014648333714,0.497496636126634
mc.svm_SMOTET115,svm,SMOTET,115.0,10.0,0.01,0.1,10.0,0.424040946473674,0.573656945505162,0.491523568732009
mc.svm_SMOTET116,svm,SMOTET,116.0,150.0,0.01,0.1,10.0,0.385489259601141,0.515821245139364,0.446580210345201
mc.svm_SMOTET117,svm,SMOTET,117.0,300.0,0.01,0.1,10.0,0.374541192389664,0.508937675378152,0.431875616488176
mc.svm_SMOTET118,svm,SMOTET,118.0,10.0,0.001,0.1,10.0,0.455310014724923,0.526866225292944,0.479482785435812
mc.svm_SMOTET119,svm,SMOTET,119.0,150.0,0.001,0.1,10.0,0.443661633431901,0.580142273650362,0.507495857253865
mc.svm_SMOTET120,svm,SMOTET,120.0,300.0,0.001,0.1,10.0,0.424400356604918,0.585430080357065,0.49648650487323
mc.svm_SMOTET121,svm,SMOTET,121.0,10.0,0.01,0.2,10.0,0.432712983554614,0.590303243915886,0.497481993738748
mc.svm_SMOTET122,svm,SMOTET,122.0,150.0,0.01,0.2,10.0,0.393312451129181,0.551086831040593,0.462516490486716
mc.svm_SMOTET123,svm,SMOTET,123.0,300.0,0.01,0.2,10.0,0.379970939236904,0.524488489230737,0.452185452674166
mc.svm_SMOTET124,svm,SMOTET,124.0,10.0,0.001,0.2,10.0,0.460885346376708,0.530656338774761,0.487002027463943
mc.svm_SMOTET125,svm,SMOTET,125.0,150.0,0.001,0.2,10.0,0.446702629121753,0.579228581117903,0.505212577263183
mc.svm_SMOTET126,svm,SMOTET,126.0,300.0,0.001,0.2,10.0,0.436548729651979,0.589824491497026,0.49980270653963
mc.svm_SMOTET127,svm,SMOTET,127.0,10.0,0.01,0.4,10.0,0.449396371011742,0.574393211129811,0.512654039919458
mc.svm_SMOTET128,svm,SMOTET,128.0,150.0,0.01,0.4,10.0,0.404032573321532,0.542375898506429,0.457851640648765
mc.svm_SMOTET129,svm,SMOTET,129.0,300.0,0.01,0.4,10.0,0.389703641850897,0.526937337775756,0.441675044737707
mc.svm_SMOTET130,svm,SMOTET,130.0,10.0,0.001,0.4,10.0,0.467579114639901,0.527433691720179,0.48589073236848
mc.svm_SMOTET131,svm,SMOTET,131.0,150.0,0.001,0.4,10.0,0.456477562634032,0.572861544302235,0.506792687583036
mc.svm_SMOTET132,svm,SMOTET,132.0,300.0,0.001,0.4,10.0,0.445722749565346,0.576334062116908,0.509765733549176
mc.svm_SMOTET133,svm,SMOTET,133.0,10.0,0.01,0.6,10.0,0.449041975392756,0.561724664553947,0.494233473067385
mc.svm_SMOTET134,svm,SMOTET,134.0,150.0,0.01,0.6,10.0,0.417064413532921,0.553507492778672,0.467167007436595
mc.svm_SMOTET135,svm,SMOTET,135.0,300.0,0.01,0.6,10.0,0.407412834798608,0.538783298353581,0.460148560429941
mc.svm_SMOTET136,svm,SMOTET,136.0,10.0,0.001,0.6,10.0,0.468054276416452,0.522140184528159,0.486898592338428
mc.svm_SMOTET137,svm,SMOTET,137.0,150.0,0.001,0.6,10.0,0.458153543270607,0.557400204212364,0.504977755292787
mc.svm_SMOTET138,svm,SMOTET,138.0,300.0,0.001,0.6,10.0,0.445189712320553,0.557728542984524,0.488834012211597
mc.svm_SMOTET139,svm,SMOTET,139.0,10.0,0.01,0.8,10.0,0.458077204399917,0.545108700840409,0.49573489783232
mc.svm_SMOTET140,svm,SMOTET,140.0,150.0,0.01,0.8,10.0,0.425458449056447,0.536597365681351,0.461528160548844
mc.svm_SMOTET141,svm,SMOTET,141.0,300.0,0.01,0.8,10.0,0.411327449258884,0.53863684046997,0.458265459928612
mc.svm_SMOTET142,svm,SMOTET,142.0,10.0,0.001,0.8,10.0,0.467651831521725,0.515536763858843,0.480547764184505
mc.svm_SMOTET143,svm,SMOTET,143.0,150.0,0.001,0.8,10.0,0.467915590146224,0.544753573735358,0.50709731485444
mc.svm_SMOTET144,svm,SMOTET,144.0,300.0,0.001,0.8,10.0,0.461818324034636,0.547784211848029,0.505004732170336
mc.svm_SMOTETPhi1,svm,SMOTETPhi,1.0,10.0,0.01,0.05,2.0,0.454702360588785,0.545218036036739,0.497567117928437
mc.svm_SMOTETPhi2,svm,SMOTETPhi,2.0,150.0,0.01,0.05,2.0,0.417299043872028,0.562071506815116,0.481853094764209
mc.svm_SMOTETPhi3,svm,SMOTETPhi,3.0,300.0,0.01,0.05,2.0,0.395302478140942,0.54900303591337,0.460388521330619
mc.svm_SMOTETPhi4,svm,SMOTETPhi,4.0,10.0,0.001,0.05,2.0,0.461071009138049,0.479360722014132,0.462226901772777
mc.svm_SMOTETPhi5,svm,SMOTETPhi,5.0,150.0,0.001,0.05,2.0,0.46035504018866,0.525790898167803,0.48798440799449
mc.svm_SMOTETPhi6,svm,SMOTETPhi,6.0,300.0,0.001,0.05,2.0,0.462752085595788,0.539053935862091,0.492810454892695
mc.svm_SMOTETPhi7,svm,SMOTETPhi,7.0,10.0,0.01,0.1,2.0,0.458703528394415,0.555921883499831,0.498357511663058
mc.svm_SMOTETPhi8,svm,SMOTETPhi,8.0,150.0,0.01,0.1,2.0,0.413886022847324,0.563809631424464,0.472596076514752
mc.svm_SMOTETPhi9,svm,SMOTETPhi,9.0,300.0,0.01,0.1,2.0,0.395624916027896,0.542671902303213,0.454221226632875
mc.svm_SMOTETPhi10,svm,SMOTETPhi,10.0,10.0,0.001,0.1,2.0,0.485332923048376,0.486350866941565,0.479344221678154
mc.svm_SMOTETPhi11,svm,SMOTETPhi,11.0,150.0,0.001,0.1,2.0,0.46873373371507,0.538860829061506,0.497289679481919
mc.svm_SMOTETPhi12,svm,SMOTETPhi,12.0,300.0,0.001,0.1,2.0,0.460018623524367,0.548536741477473,0.495065266583668
mc.svm_SMOTETPhi13,svm,SMOTETPhi,13.0,10.0,0.01,0.2,2.0,0.474985455740823,0.53435338881431,0.504621749120866
mc.svm_SMOTETPhi14,svm,SMOTETPhi,14.0,150.0,0.01,0.2,2.0,0.445009925407142,0.563684415161116,0.488612954383331
mc.svm_SMOTETPhi15,svm,SMOTETPhi,15.0,300.0,0.01,0.2,2.0,0.428113935086485,0.559474157543962,0.478324837982
mc.svm_SMOTETPhi16,svm,SMOTETPhi,16.0,10.0,0.001,0.2,2.0,0.497249328101497,0.475791611283687,0.47593904626123
mc.svm_SMOTETPhi17,svm,SMOTETPhi,17.0,150.0,0.001,0.2,2.0,0.476808222202864,0.519060541317797,0.485418854354645
mc.svm_SMOTETPhi18,svm,SMOTETPhi,18.0,300.0,0.001,0.2,2.0,0.473419896913158,0.529742807163628,0.498789434068843
mc.svm_SMOTETPhi19,svm,SMOTETPhi,19.0,10.0,0.01,0.4,2.0,0.490109784087386,0.535698141499673,0.51349744720534
mc.svm_SMOTETPhi20,svm,SMOTETPhi,20.0,150.0,0.01,0.4,2.0,0.461108626008692,0.545202635834129,0.497472619687292
mc.svm_SMOTETPhi21,svm,SMOTETPhi,21.0,300.0,0.01,0.4,2.0,0.446117351324847,0.545937441859805,0.49140895818144
mc.svm_SMOTETPhi22,svm,SMOTETPhi,22.0,10.0,0.001,0.4,2.0,0.496500047208041,0.486097482544539,0.477424894742266
mc.svm_SMOTETPhi23,svm,SMOTETPhi,23.0,150.0,0.001,0.4,2.0,0.494238068703489,0.528151943579915,0.5177512099879
mc.svm_SMOTETPhi24,svm,SMOTETPhi,24.0,300.0,0.001,0.4,2.0,0.48390463326639,0.53359134502087,0.507218466383993
mc.svm_SMOTETPhi25,svm,SMOTETPhi,25.0,10.0,0.01,0.6,2.0,0.477693348551768,0.507197106326353,0.49736682914946
mc.svm_SMOTETPhi26,svm,SMOTETPhi,26.0,150.0,0.01,0.6,2.0,0.426751516596823,0.543625808459932,0.472708959743357
mc.svm_SMOTETPhi27,svm,SMOTETPhi,27.0,300.0,0.01,0.6,2.0,0.421516994947892,0.55292540791247,0.473683172458546
mc.svm_SMOTETPhi28,svm,SMOTETPhi,28.0,10.0,0.001,0.6,2.0,0.509543358859326,0.470224633665417,0.489030449681989
mc.svm_SMOTETPhi29,svm,SMOTETPhi,29.0,150.0,0.001,0.6,2.0,0.492432065616317,0.502370666008871,0.499247325745599
mc.svm_SMOTETPhi30,svm,SMOTETPhi,30.0,300.0,0.001,0.6,2.0,0.486130284865472,0.504883559350874,0.491463383526295
mc.svm_SMOTETPhi31,svm,SMOTETPhi,31.0,10.0,0.01,0.8,2.0,0.504713883452534,0.507857187889424,0.506614321886571
mc.svm_SMOTETPhi32,svm,SMOTETPhi,32.0,150.0,0.01,0.8,2.0,0.449322159906902,0.543389704046025,0.491861657960793
mc.svm_SMOTETPhi33,svm,SMOTETPhi,33.0,300.0,0.01,0.8,2.0,0.429643399330624,0.544806218995318,0.476215531668808
mc.svm_SMOTETPhi34,svm,SMOTETPhi,34.0,10.0,0.001,0.8,2.0,0.531119064556112,0.468950762726484,0.496484658918132
mc.svm_SMOTETPhi35,svm,SMOTETPhi,35.0,150.0,0.001,0.8,2.0,0.509877073740448,0.495761172842502,0.510678645398596
mc.svm_SMOTETPhi36,svm,SMOTETPhi,36.0,300.0,0.001,0.8,2.0,0.486441841268242,0.500232980928782,0.493562606576298
mc.svm_SMOTETPhi37,svm,SMOTETPhi,37.0,10.0,0.01,0.05,3.0,0.445315841766438,0.556366388612098,0.493102890741937
mc.svm_SMOTETPhi38,svm,SMOTETPhi,38.0,150.0,0.01,0.05,3.0,0.404175045778747,0.561956827941937,0.469881403065403
mc.svm_SMOTETPhi39,svm,SMOTETPhi,39.0,300.0,0.01,0.05,3.0,0.383617230219264,0.540645463559938,0.45160702886542
mc.svm_SMOTETPhi40,svm,SMOTETPhi,40.0,10.0,0.001,0.05,3.0,0.46011095340749,0.487729635316154,0.469302803779376
mc.svm_SMOTETPhi41,svm,SMOTETPhi,41.0,150.0,0.001,0.05,3.0,0.459035839685699,0.545395589883704,0.496130029875299
mc.svm_SMOTETPhi42,svm,SMOTETPhi,42.0,300.0,0.001,0.05,3.0,0.445858150447681,0.555359756880921,0.494584854015232
mc.svm_SMOTETPhi43,svm,SMOTETPhi,43.0,10.0,0.01,0.1,3.0,0.461071834161516,0.54585930842597,0.503235480423438
mc.svm_SMOTETPhi44,svm,SMOTETPhi,44.0,150.0,0.01,0.1,3.0,0.414383011640529,0.566615442147704,0.48415290158836
mc.svm_SMOTETPhi45,svm,SMOTETPhi,45.0,300.0,0.01,0.1,3.0,0.392409076030987,0.562492881865223,0.459004668867253
mc.svm_SMOTETPhi46,svm,SMOTETPhi,46.0,10.0,0.001,0.1,3.0,0.474491866377023,0.491250388622259,0.470267668982285
mc.svm_SMOTETPhi47,svm,SMOTETPhi,47.0,150.0,0.001,0.1,3.0,0.45795870017163,0.540628632167842,0.492436654517649
mc.svm_SMOTETPhi48,svm,SMOTETPhi,48.0,300.0,0.001,0.1,3.0,0.459766037066795,0.549924388601762,0.505814329003455
mc.svm_SMOTETPhi49,svm,SMOTETPhi,49.0,10.0,0.01,0.2,3.0,0.452712190547277,0.559263283045256,0.495990719298784
mc.svm_SMOTETPhi50,svm,SMOTETPhi,50.0,150.0,0.01,0.2,3.0,0.438103218622097,0.552291504237165,0.486252637091349
mc.svm_SMOTETPhi51,svm,SMOTETPhi,51.0,300.0,0.01,0.2,3.0,0.421348233250588,0.546217626876406,0.460552048876159
mc.svm_SMOTETPhi52,svm,SMOTETPhi,52.0,10.0,0.001,0.2,3.0,0.48103549230962,0.496895781005374,0.483065155055375
mc.svm_SMOTETPhi53,svm,SMOTETPhi,53.0,150.0,0.001,0.2,3.0,0.469131701881439,0.54811904917492,0.497555434146695
mc.svm_SMOTETPhi54,svm,SMOTETPhi,54.0,300.0,0.001,0.2,3.0,0.458952220487429,0.559710215192247,0.500423898074875
mc.svm_SMOTETPhi55,svm,SMOTETPhi,55.0,10.0,0.01,0.4,3.0,0.476740387191104,0.5476964020845,0.506740375910969
mc.svm_SMOTETPhi56,svm,SMOTETPhi,56.0,150.0,0.01,0.4,3.0,0.451795264326026,0.547897864795945,0.497432953637637
mc.svm_SMOTETPhi57,svm,SMOTETPhi,57.0,300.0,0.01,0.4,3.0,0.445246912455245,0.544627343370304,0.484549630096125
mc.svm_SMOTETPhi58,svm,SMOTETPhi,58.0,10.0,0.001,0.4,3.0,0.499371323990288,0.489386096132202,0.489012127709752
mc.svm_SMOTETPhi59,svm,SMOTETPhi,59.0,150.0,0.001,0.4,3.0,0.469624153728907,0.539615527590942,0.497669057879221
mc.svm_SMOTETPhi60,svm,SMOTETPhi,60.0,300.0,0.001,0.4,3.0,0.473163365384009,0.5476709259173,0.510792441723828
mc.svm_SMOTETPhi61,svm,SMOTETPhi,61.0,10.0,0.01,0.6,3.0,0.471779343486301,0.526257653032496,0.490943078022983
mc.svm_SMOTETPhi62,svm,SMOTETPhi,62.0,150.0,0.01,0.6,3.0,0.460957908613046,0.553037744867203,0.503755106760113
mc.svm_SMOTETPhi63,svm,SMOTETPhi,63.0,300.0,0.01,0.6,3.0,0.43515339560451,0.555466120658882,0.484836059900399
mc.svm_SMOTETPhi64,svm,SMOTETPhi,64.0,10.0,0.001,0.6,3.0,0.506032822595162,0.485676044355691,0.479434211679879
mc.svm_SMOTETPhi65,svm,SMOTETPhi,65.0,150.0,0.001,0.6,3.0,0.481664713816865,0.519896368839706,0.494728368270643
mc.svm_SMOTETPhi66,svm,SMOTETPhi,66.0,300.0,0.001,0.6,3.0,0.471752082324225,0.525690398842318,0.503523510951935
mc.svm_SMOTETPhi67,svm,SMOTETPhi,67.0,10.0,0.01,0.8,3.0,0.470437406147604,0.522935150173591,0.495147711567606
mc.svm_SMOTETPhi68,svm,SMOTETPhi,68.0,150.0,0.01,0.8,3.0,0.443281513239463,0.552519778219608,0.486334135292514
mc.svm_SMOTETPhi69,svm,SMOTETPhi,69.0,300.0,0.01,0.8,3.0,0.438240143394175,0.559170497355211,0.476706792179587
mc.svm_SMOTETPhi70,svm,SMOTETPhi,70.0,10.0,0.001,0.8,3.0,0.517440574645153,0.480844625593634,0.49438294748909
mc.svm_SMOTETPhi71,svm,SMOTETPhi,71.0,150.0,0.001,0.8,3.0,0.47396237743799,0.515452790682449,0.488253405564224
mc.svm_SMOTETPhi72,svm,SMOTETPhi,72.0,300.0,0.001,0.8,3.0,0.457590460597773,0.518532817273313,0.486215182313923
mc.svm_SMOTETPhi73,svm,SMOTETPhi,73.0,10.0,0.01,0.05,5.0,0.430138373248658,0.571464440863106,0.495186166821131
mc.svm_SMOTETPhi74,svm,SMOTETPhi,74.0,150.0,0.01,0.05,5.0,0.387732377987782,0.540261057455271,0.449215809687282
mc.svm_SMOTETPhi75,svm,SMOTETPhi,75.0,300.0,0.01,0.05,5.0,0.369748270705605,0.507996874931511,0.427884438295096
mc.svm_SMOTETPhi76,svm,SMOTETPhi,76.0,10.0,0.001,0.05,5.0,0.45871393408118,0.508062593645288,0.476501765084855
mc.svm_SMOTETPhi77,svm,SMOTETPhi,77.0,150.0,0.001,0.05,5.0,0.455181287007365,0.566647216521007,0.511949650438441
mc.svm_SMOTETPhi78,svm,SMOTETPhi,78.0,300.0,0.001,0.05,5.0,0.440950161826422,0.574353537887018,0.5058057340195
mc.svm_SMOTETPhi79,svm,SMOTETPhi,79.0,10.0,0.01,0.1,5.0,0.443335074466262,0.572154219277634,0.500435486136899
mc.svm_SMOTETPhi80,svm,SMOTETPhi,80.0,150.0,0.01,0.1,5.0,0.410333464000058,0.575557927943128,0.469890514280832
mc.svm_SMOTETPhi81,svm,SMOTETPhi,81.0,300.0,0.01,0.1,5.0,0.387582797528959,0.544831599691205,0.453147545003847
mc.svm_SMOTETPhi82,svm,SMOTETPhi,82.0,10.0,0.001,0.1,5.0,0.455373696688803,0.505073096121846,0.478864988360176
mc.svm_SMOTETPhi83,svm,SMOTETPhi,83.0,150.0,0.001,0.1,5.0,0.451093213582477,0.56300503433625,0.503283467181375
mc.svm_SMOTETPhi84,svm,SMOTETPhi,84.0,300.0,0.001,0.1,5.0,0.449595279697934,0.571075789682379,0.500159194523022
mc.svm_SMOTETPhi85,svm,SMOTETPhi,85.0,10.0,0.01,0.2,5.0,0.440517213012742,0.572156561086962,0.49894897605373
mc.svm_SMOTETPhi86,svm,SMOTETPhi,86.0,150.0,0.01,0.2,5.0,0.417294764134711,0.5625660304366,0.479500520059828
mc.svm_SMOTETPhi87,svm,SMOTETPhi,87.0,300.0,0.01,0.2,5.0,0.403445541746783,0.550822981135609,0.466912760533995
mc.svm_SMOTETPhi88,svm,SMOTETPhi,88.0,10.0,0.001,0.2,5.0,0.490190475140794,0.511449668221816,0.48693351353957
mc.svm_SMOTETPhi89,svm,SMOTETPhi,89.0,150.0,0.001,0.2,5.0,0.47065733659341,0.564310527455266,0.509879508121964
mc.svm_SMOTETPhi90,svm,SMOTETPhi,90.0,300.0,0.001,0.2,5.0,0.455250935496343,0.572990892007973,0.509882130302271
mc.svm_SMOTETPhi91,svm,SMOTETPhi,91.0,10.0,0.01,0.4,5.0,0.463457086832224,0.561290639864826,0.507483696294381
mc.svm_SMOTETPhi92,svm,SMOTETPhi,92.0,150.0,0.01,0.4,5.0,0.438958552143569,0.56523570956293,0.48579377272084
mc.svm_SMOTETPhi93,svm,SMOTETPhi,93.0,300.0,0.01,0.4,5.0,0.41436263487818,0.556625446201651,0.477881350118263
mc.svm_SMOTETPhi94,svm,SMOTETPhi,94.0,10.0,0.001,0.4,5.0,0.495891296511785,0.511755462903979,0.492538923352299
mc.svm_SMOTETPhi95,svm,SMOTETPhi,95.0,150.0,0.001,0.4,5.0,0.473584652554716,0.561381179902566,0.518287425005734
mc.svm_SMOTETPhi96,svm,SMOTETPhi,96.0,300.0,0.001,0.4,5.0,0.467956834544997,0.570622275904683,0.514328408041401
mc.svm_SMOTETPhi97,svm,SMOTETPhi,97.0,10.0,0.01,0.6,5.0,0.463182859232145,0.546823878118734,0.500315093194653
mc.svm_SMOTETPhi98,svm,SMOTETPhi,98.0,150.0,0.01,0.6,5.0,0.444767813228045,0.56240997325876,0.486659070909697
mc.svm_SMOTETPhi99,svm,SMOTETPhi,99.0,300.0,0.01,0.6,5.0,0.43931007145726,0.564431348721279,0.481308762520635
mc.svm_SMOTETPhi100,svm,SMOTETPhi,100.0,10.0,0.001,0.6,5.0,0.480929727947212,0.505583652239658,0.486384934889542
mc.svm_SMOTETPhi101,svm,SMOTETPhi,101.0,150.0,0.001,0.6,5.0,0.469633511645453,0.546267656789723,0.505745642328149
mc.svm_SMOTETPhi102,svm,SMOTETPhi,102.0,300.0,0.001,0.6,5.0,0.470386093837575,0.549866286822234,0.512955566060315
mc.svm_SMOTETPhi103,svm,SMOTETPhi,103.0,10.0,0.01,0.8,5.0,0.471617162108242,0.540439496841122,0.503070142058476
mc.svm_SMOTETPhi104,svm,SMOTETPhi,104.0,150.0,0.01,0.8,5.0,0.453639566268085,0.553044341084598,0.491832223473002
mc.svm_SMOTETPhi105,svm,SMOTETPhi,105.0,300.0,0.01,0.8,5.0,0.421020317426996,0.555686713877763,0.46319407700099
mc.svm_SMOTETPhi106,svm,SMOTETPhi,106.0,10.0,0.001,0.8,5.0,0.48721777027094,0.500685814759162,0.488004446185025
mc.svm_SMOTETPhi107,svm,SMOTETPhi,107.0,150.0,0.001,0.8,5.0,0.473576070874576,0.548148123317093,0.516631148877904
mc.svm_SMOTETPhi108,svm,SMOTETPhi,108.0,300.0,0.001,0.8,5.0,0.472645160005701,0.550169535576076,0.511582466641376
mc.svm_SMOTETPhi109,svm,SMOTETPhi,109.0,10.0,0.01,0.05,10.0,0.428506068525985,0.573782217564466,0.494410634891206
mc.svm_SMOTETPhi110,svm,SMOTETPhi,110.0,150.0,0.01,0.05,10.0,0.373692730678696,0.523232386234636,0.44668432118533
mc.svm_SMOTETPhi111,svm,SMOTETPhi,111.0,300.0,0.01,0.05,10.0,0.354544232611412,0.514684485504343,0.435299141992626
mc.svm_SMOTETPhi112,svm,SMOTETPhi,112.0,10.0,0.001,0.05,10.0,0.456956118686794,0.527687433657362,0.48420633899052
mc.svm_SMOTETPhi113,svm,SMOTETPhi,113.0,150.0,0.001,0.05,10.0,0.438031434309875,0.579370976782092,0.503779065818562
mc.svm_SMOTETPhi114,svm,SMOTETPhi,114.0,300.0,0.001,0.05,10.0,0.433786474899816,0.585307852189811,0.506301903982653
mc.svm_SMOTETPhi115,svm,SMOTETPhi,115.0,10.0,0.01,0.1,10.0,0.426205557637269,0.580724577761108,0.491565508101119
mc.svm_SMOTETPhi116,svm,SMOTETPhi,116.0,150.0,0.01,0.1,10.0,0.382657270940667,0.524776033011676,0.455566600674132
mc.svm_SMOTETPhi117,svm,SMOTETPhi,117.0,300.0,0.01,0.1,10.0,0.375303896976091,0.498944006187222,0.430600366591478
mc.svm_SMOTETPhi118,svm,SMOTETPhi,118.0,10.0,0.001,0.1,10.0,0.451953184277788,0.529447618848903,0.479055854584185
mc.svm_SMOTETPhi119,svm,SMOTETPhi,119.0,150.0,0.001,0.1,10.0,0.439177871795744,0.5866541491455,0.503574644412481
mc.svm_SMOTETPhi120,svm,SMOTETPhi,120.0,300.0,0.001,0.1,10.0,0.435216340752252,0.590837364406108,0.50455654866185
mc.svm_SMOTETPhi121,svm,SMOTETPhi,121.0,10.0,0.01,0.2,10.0,0.430667227916547,0.579014423969807,0.492465563224947
mc.svm_SMOTETPhi122,svm,SMOTETPhi,122.0,150.0,0.01,0.2,10.0,0.393485332478683,0.567848914478521,0.466495217924298
mc.svm_SMOTETPhi123,svm,SMOTETPhi,123.0,300.0,0.01,0.2,10.0,0.380944971202135,0.562406402622955,0.452107989872168
mc.svm_SMOTETPhi124,svm,SMOTETPhi,124.0,10.0,0.001,0.2,10.0,0.458136222174248,0.528510492875105,0.48156366686764
mc.svm_SMOTETPhi125,svm,SMOTETPhi,125.0,150.0,0.001,0.2,10.0,0.4435660022583,0.580347340593068,0.504691579998618
mc.svm_SMOTETPhi126,svm,SMOTETPhi,126.0,300.0,0.001,0.2,10.0,0.438408585256021,0.585920781869141,0.505525053193551
mc.svm_SMOTETPhi127,svm,SMOTETPhi,127.0,10.0,0.01,0.4,10.0,0.440767896753223,0.566819481915869,0.494534214941654
mc.svm_SMOTETPhi128,svm,SMOTETPhi,128.0,150.0,0.01,0.4,10.0,0.409946208620914,0.558522589016021,0.470075267083031
mc.svm_SMOTETPhi129,svm,SMOTETPhi,129.0,300.0,0.01,0.4,10.0,0.388013103499953,0.542753469516264,0.446335118789198
mc.svm_SMOTETPhi130,svm,SMOTETPhi,130.0,10.0,0.001,0.4,10.0,0.467620755278765,0.526543997858402,0.485166488190002
mc.svm_SMOTETPhi131,svm,SMOTETPhi,131.0,150.0,0.001,0.4,10.0,0.448222046530179,0.57402989763198,0.499042945718019
mc.svm_SMOTETPhi132,svm,SMOTETPhi,132.0,300.0,0.001,0.4,10.0,0.447421934893143,0.578962073559132,0.501460264712188
mc.svm_SMOTETPhi133,svm,SMOTETPhi,133.0,10.0,0.01,0.6,10.0,0.450054245702564,0.572640106026254,0.50084544760686
mc.svm_SMOTETPhi134,svm,SMOTETPhi,134.0,150.0,0.01,0.6,10.0,0.41250863962602,0.557735400177384,0.466195542359179
mc.svm_SMOTETPhi135,svm,SMOTETPhi,135.0,300.0,0.01,0.6,10.0,0.393387429929269,0.551050408950773,0.453360590194759
mc.svm_SMOTETPhi136,svm,SMOTETPhi,136.0,10.0,0.001,0.6,10.0,0.462200570959486,0.527775846366824,0.490405687064041
mc.svm_SMOTETPhi137,svm,SMOTETPhi,137.0,150.0,0.001,0.6,10.0,0.455111101572274,0.573469565437782,0.515273313062732
mc.svm_SMOTETPhi138,svm,SMOTETPhi,138.0,300.0,0.001,0.6,10.0,0.445849232308669,0.57602662237089,0.503235032412323
mc.svm_SMOTETPhi139,svm,SMOTETPhi,139.0,10.0,0.01,0.8,10.0,0.459928679475039,0.563572686140619,0.50514515428001
mc.svm_SMOTETPhi140,svm,SMOTETPhi,140.0,150.0,0.01,0.8,10.0,0.422557133302416,0.547087757576832,0.462135381970433
mc.svm_SMOTETPhi141,svm,SMOTETPhi,141.0,300.0,0.01,0.8,10.0,0.403802698489829,0.546822385255358,0.448223428311977
mc.svm_SMOTETPhi142,svm,SMOTETPhi,142.0,10.0,0.001,0.8,10.0,0.472044068349331,0.521589714523413,0.49228381344344
mc.svm_SMOTETPhi143,svm,SMOTETPhi,143.0,150.0,0.001,0.8,10.0,0.459252332103727,0.56129058647686,0.501120739903
mc.svm_SMOTETPhi144,svm,SMOTETPhi,144.0,300.0,0.001,0.8,10.0,0.455729577740451,0.563003417350309,0.504470047330849
